timestamp,flow_id,in_iface,event_type,src_ip,src_port,dest_ip,dest_port,proto,alert.action,alert.gid,alert.signature_id,alert.rev,alert.signature,alert.category,alert.severity,ssh.client.proto_version,ssh.client.software_version,ssh.server.proto_version,ssh.server.software_version,payload,stream,payload_printable,dns.type,dns.id,dns.rrname,dns.rrtype,dns.tx_id,dns.ttl,dns.rdata,alert.tx_id,http.hostname,http.url,http.http_user_agent,http.http_content_type,http.http_method,http.protocol,http.status,http.length,fileinfo.filename,fileinfo.state,fileinfo.stored,fileinfo.size,fileinfo.tx_id,http.tx_id,category,severity
2019-01-02 03:50:09.097718,52373568,eth0,alert,8.42.77.171,65036,138.68.3.71,3306,TCP,allowed,1.0,2010937.0,3.0,ET SCAN Suspicious inbound to mySQL port 3306,Potentially Bad Traffic,2.0,,,,,,,,,,,,,,,,,,,,,,,,,,,,,,Potentially Bad Traffic,2.0
2019-01-02 03:50:10.386108,52491840,eth0,alert,8.42.77.171,65386,138.68.3.71,5915,TCP,allowed,1.0,2002911.0,5.0,ET SCAN Potential VNC Scan 5900-5920,Attempted Information Leak,2.0,,,,,,,,,,,,,,,,,,,,,,,,,,,,,,Attempted Information Leak,2.0
2019-01-02 03:50:10.421359,52507296,eth0,alert,8.42.77.171,65438,138.68.3.71,5432,TCP,allowed,1.0,2010939.0,3.0,ET SCAN Suspicious inbound to PostgreSQL port 5432,Potentially Bad Traffic,2.0,,,,,,,,,,,,,,,,,,,,,,,,,,,,,,Potentially Bad Traffic,2.0
2019-01-02 03:50:10.576769,52568784,eth0,alert,8.42.77.171,49238,138.68.3.71,1433,TCP,allowed,1.0,2010935.0,3.0,ET SCAN Suspicious inbound to MSSQL port 1433,Potentially Bad Traffic,2.0,,,,,,,,,,,,,,,,,,,,,,,,,,,,,,Potentially Bad Traffic,2.0
2019-01-02 03:50:10.585758,52576512,eth0,alert,8.42.77.171,49269,138.68.3.71,1521,TCP,allowed,1.0,2010936.0,3.0,ET SCAN Suspicious inbound to Oracle SQL port 1521,Potentially Bad Traffic,2.0,,,,,,,,,,,,,,,,,,,,,,,,,,,,,,Potentially Bad Traffic,2.0
2019-01-02 03:50:10.621656,52589280,eth0,alert,8.42.77.171,49306,138.68.3.71,5811,TCP,allowed,1.0,2002910.0,5.0,ET SCAN Potential VNC Scan 5800-5820,Attempted Information Leak,2.0,,,,,,,,,,,,,,,,,,,,,,,,,,,,,,Attempted Information Leak,2.0
2019-01-02 03:50:11.315110,52710912,eth0,alert,8.42.77.171,49678,138.68.3.71,22,TCP,allowed,1.0,2001219.0,19.0,ET SCAN Potential SSH Scan,Attempted Information Leak,2.0,,,,,,,,,,,,,,,,,,,,,,,,,,,,,,Attempted Information Leak,2.0
2019-01-02 03:51:01.124914,52713600,eth0,alert,61.176.222.167,59947,138.68.3.71,1433,TCP,allowed,1.0,2010935.0,3.0,ET SCAN Suspicious inbound to MSSQL port 1433,Potentially Bad Traffic,2.0,,,,,,,,,,,,,,,,,,,,,,,,,,,,,,Potentially Bad Traffic,2.0
2019-01-02 03:51:01.124914,52713600,eth0,alert,61.176.222.167,59947,138.68.3.71,1433,TCP,allowed,1.0,2010935.0,3.0,ET SCAN Suspicious inbound to MSSQL port 1433,Potentially Bad Traffic,2.0,,,,,,,,,,,,,,,,,,,,,,,,,,,,,,Potentially Bad Traffic,2.0
2019-01-02 03:51:01.124914,52713600,eth0,alert,61.176.222.167,59947,138.68.3.71,1433,TCP,allowed,1.0,2403410.0,46061.0,ET CINS Active Threat Intelligence Poor Reputation IP TCP group 56,Misc Attack,2.0,,,,,,,,,,,,,,,,,,,,,,,,,,,,,,Misc Attack,2.0
2019-01-02 03:52:18.860928,52714944,eth0,alert,8.42.77.171,49720,138.68.3.71,3306,TCP,allowed,1.0,2010937.0,3.0,ET SCAN Suspicious inbound to mySQL port 3306,Potentially Bad Traffic,2.0,,,,,,,,,,,,,,,,,,,,,,,,,,,,,,Potentially Bad Traffic,2.0
2019-01-02 03:52:18.985997,52758288,eth0,alert,8.42.77.171,49845,138.68.3.71,5432,TCP,allowed,1.0,2010939.0,3.0,ET SCAN Suspicious inbound to PostgreSQL port 5432,Potentially Bad Traffic,2.0,,,,,,,,,,,,,,,,,,,,,,,,,,,,,,Potentially Bad Traffic,2.0
2019-01-02 03:52:20.129831,52851360,eth0,alert,8.42.77.171,50118,138.68.3.71,5906,TCP,allowed,1.0,2002911.0,5.0,ET SCAN Potential VNC Scan 5900-5920,Attempted Information Leak,2.0,,,,,,,,,,,,,,,,,,,,,,,,,,,,,,Attempted Information Leak,2.0
2019-01-02 03:52:20.325889,52950816,eth0,alert,8.42.77.171,50414,138.68.3.71,1433,TCP,allowed,1.0,2010935.0,3.0,ET SCAN Suspicious inbound to MSSQL port 1433,Potentially Bad Traffic,2.0,,,,,,,,,,,,,,,,,,,,,,,,,,,,,,Potentially Bad Traffic,2.0
2019-01-02 03:52:20.325900,52951824,eth0,alert,8.42.77.171,50432,138.68.3.71,5801,TCP,allowed,1.0,2002910.0,5.0,ET SCAN Potential VNC Scan 5800-5820,Attempted Information Leak,2.0,,,,,,,,,,,,,,,,,,,,,,,,,,,,,,Attempted Information Leak,2.0
2019-01-02 03:52:20.364261,52973328,eth0,alert,8.42.77.171,50485,138.68.3.71,1521,TCP,allowed,1.0,2010936.0,3.0,ET SCAN Suspicious inbound to Oracle SQL port 1521,Potentially Bad Traffic,2.0,,,,,,,,,,,,,,,,,,,,,,,,,,,,,,Potentially Bad Traffic,2.0
2019-01-02 03:52:20.848052,53051952,eth0,alert,8.42.77.171,50719,138.68.3.71,22,TCP,allowed,1.0,2001219.0,19.0,ET SCAN Potential SSH Scan,Attempted Information Leak,2.0,,,,,,,,,,,,,,,,,,,,,,,,,,,,,,Attempted Information Leak,2.0
2019-01-02 03:53:24.798186,53053968,eth0,alert,80.211.246.121,5130,138.68.3.71,5060,UDP,allowed,1.0,2008578.0,6.0,ET SCAN Sipvicious Scan,Attempted Information Leak,2.0,,,,,,,,,,,,,,,,,,,,,,,,,,,,,,Attempted Information Leak,2.0
2019-01-02 03:53:24.798186,53053968,eth0,alert,80.211.246.121,5130,138.68.3.71,5060,UDP,allowed,1.0,2008578.0,6.0,ET SCAN Sipvicious Scan,Attempted Information Leak,2.0,,,,,,,,,,,,,,,,,,,,,,,,,,,,,,Attempted Information Leak,2.0
2019-01-02 03:53:24.798186,53053968,eth0,alert,80.211.246.121,5130,138.68.3.71,5060,UDP,allowed,1.0,2403451.0,46061.0,ET CINS Active Threat Intelligence Poor Reputation IP UDP group 76,Misc Attack,2.0,,,,,,,,,,,,,,,,,,,,,,,,,,,,,,Misc Attack,2.0
2019-01-02 03:53:35.752154,53054304,eth0,alert,92.63.194.33,55349,138.68.3.71,58800,TCP,allowed,1.0,2402000.0,5047.0,ET DROP Dshield Block Listed Source group 1,Misc Attack,2.0,,,,,,,,,,,,,,,,,,,,,,,,,,,,,,Misc Attack,2.0
2019-01-02 03:53:35.752154,53054304,eth0,alert,92.63.194.33,55349,138.68.3.71,58800,TCP,allowed,1.0,2402000.0,5047.0,ET DROP Dshield Block Listed Source group 1,Misc Attack,2.0,,,,,,,,,,,,,,,,,,,,,,,,,,,,,,Misc Attack,2.0
2019-01-02 03:53:35.752154,53054304,eth0,alert,92.63.194.33,55349,138.68.3.71,58800,TCP,allowed,1.0,2403486.0,46061.0,ET CINS Active Threat Intelligence Poor Reputation IP TCP group 94,Misc Attack,2.0,,,,,,,,,,,,,,,,,,,,,,,,,,,,,,Misc Attack,2.0
2019-01-02 03:54:37.528904,53055312,eth0,alert,185.176.27.6,59927,138.68.3.71,40498,TCP,allowed,1.0,2402000.0,5047.0,ET DROP Dshield Block Listed Source group 1,Misc Attack,2.0,,,,,,,,,,,,,,,,,,,,,,,,,,,,,,Misc Attack,2.0
2019-01-02 03:54:44.259003,53055648,eth0,alert,37.49.231.178,7433,138.68.3.71,5060,UDP,allowed,1.0,2008578.0,6.0,ET SCAN Sipvicious Scan,Attempted Information Leak,2.0,,,,,,,,,,,,,,,,,,,,,,,,,,,,,,Attempted Information Leak,2.0
2019-01-02 03:54:44.259003,53055648,eth0,alert,37.49.231.178,7433,138.68.3.71,5060,UDP,allowed,1.0,2008578.0,6.0,ET SCAN Sipvicious Scan,Attempted Information Leak,2.0,,,,,,,,,,,,,,,,,,,,,,,,,,,,,,Attempted Information Leak,2.0
2019-01-02 03:54:44.259003,53055648,eth0,alert,37.49.231.178,7433,138.68.3.71,5060,UDP,allowed,1.0,2011716.0,4.0,ET SCAN Sipvicious User-Agent Detected (friendly-scanner),Attempted Information Leak,2.0,,,,,,,,,,,,,,,,,,,,,,,,,,,,,,Attempted Information Leak,2.0
2019-01-02 03:54:44.259003,53055648,eth0,alert,37.49.231.178,7433,138.68.3.71,5060,UDP,allowed,1.0,2008578.0,6.0,ET SCAN Sipvicious Scan,Attempted Information Leak,2.0,,,,,,,,,,,,,,,,,,,,,,,,,,,,,,Attempted Information Leak,2.0
2019-01-02 03:54:44.259003,53055648,eth0,alert,37.49.231.178,7433,138.68.3.71,5060,UDP,allowed,1.0,2011716.0,4.0,ET SCAN Sipvicious User-Agent Detected (friendly-scanner),Attempted Information Leak,2.0,,,,,,,,,,,,,,,,,,,,,,,,,,,,,,Attempted Information Leak,2.0
2019-01-02 03:54:44.259003,53055648,eth0,alert,37.49.231.178,7433,138.68.3.71,5060,UDP,allowed,1.0,2403347.0,46061.0,ET CINS Active Threat Intelligence Poor Reputation IP UDP group 24,Misc Attack,2.0,,,,,,,,,,,,,,,,,,,,,,,,,,,,,,Misc Attack,2.0
2019-01-02 03:55:32.960706,53060016,eth0,alert,8.42.77.171,51180,138.68.3.71,3306,TCP,allowed,1.0,2010937.0,3.0,ET SCAN Suspicious inbound to mySQL port 3306,Potentially Bad Traffic,2.0,,,,,,,,,,,,,,,,,,,,,,,,,,,,,,Potentially Bad Traffic,2.0
2019-01-02 03:55:33.116649,53119488,eth0,alert,8.42.77.171,51372,138.68.3.71,5432,TCP,allowed,1.0,2010939.0,3.0,ET SCAN Suspicious inbound to PostgreSQL port 5432,Potentially Bad Traffic,2.0,,,,,,,,,,,,,,,,,,,,,,,,,,,,,,Potentially Bad Traffic,2.0
2019-01-02 03:55:33.155731,53144688,eth0,alert,8.42.77.171,51440,138.68.3.71,5915,TCP,allowed,1.0,2002911.0,5.0,ET SCAN Potential VNC Scan 5900-5920,Attempted Information Leak,2.0,,,,,,,,,,,,,,,,,,,,,,,,,,,,,,Attempted Information Leak,2.0
2019-01-02 03:55:33.229176,53188032,eth0,alert,8.42.77.171,51574,138.68.3.71,1521,TCP,allowed,1.0,2010936.0,3.0,ET SCAN Suspicious inbound to Oracle SQL port 1521,Potentially Bad Traffic,2.0,,,,,,,,,,,,,,,,,,,,,,,,,,,,,,Potentially Bad Traffic,2.0
2019-01-02 03:55:33.315220,53259600,eth0,alert,8.42.77.171,51777,138.68.3.71,5811,TCP,allowed,1.0,2002910.0,5.0,ET SCAN Potential VNC Scan 5800-5820,Attempted Information Leak,2.0,,,,,,,,,,,,,,,,,,,,,,,,,,,,,,Attempted Information Leak,2.0
2019-01-02 03:55:33.387137,53304960,eth0,alert,8.42.77.171,51918,138.68.3.71,1433,TCP,allowed,1.0,2010935.0,3.0,ET SCAN Suspicious inbound to MSSQL port 1433,Potentially Bad Traffic,2.0,,,,,,,,,,,,,,,,,,,,,,,,,,,,,,Potentially Bad Traffic,2.0
2019-01-02 03:55:34.803129,53395344,eth0,alert,8.42.77.171,52190,138.68.3.71,22,TCP,allowed,1.0,2001219.0,19.0,ET SCAN Potential SSH Scan,Attempted Information Leak,2.0,,,,,,,,,,,,,,,,,,,,,,,,,,,,,,Attempted Information Leak,2.0
2019-01-02 03:55:46.588852,53397360,eth0,alert,205.209.162.131,53787,138.68.3.71,1433,TCP,allowed,1.0,2010935.0,3.0,ET SCAN Suspicious inbound to MSSQL port 1433,Potentially Bad Traffic,2.0,,,,,,,,,,,,,,,,,,,,,,,,,,,,,,Potentially Bad Traffic,2.0
2019-01-02 03:56:03.598202,53397696,eth0,alert,113.10.171.28,43844,138.68.3.71,1433,TCP,allowed,1.0,2010935.0,3.0,ET SCAN Suspicious inbound to MSSQL port 1433,Potentially Bad Traffic,2.0,,,,,,,,,,,,,,,,,,,,,,,,,,,,,,Potentially Bad Traffic,2.0
2019-01-02 03:56:08.277797,53398368,eth0,alert,43.227.231.129,48703,138.68.3.71,1433,TCP,allowed,1.0,2010935.0,3.0,ET SCAN Suspicious inbound to MSSQL port 1433,Potentially Bad Traffic,2.0,,,,,,,,,,,,,,,,,,,,,,,,,,,,,,Potentially Bad Traffic,2.0
2019-01-02 03:56:08.277797,53398368,eth0,alert,43.227.231.129,48703,138.68.3.71,1433,TCP,allowed,1.0,2010935.0,3.0,ET SCAN Suspicious inbound to MSSQL port 1433,Potentially Bad Traffic,2.0,,,,,,,,,,,,,,,,,,,,,,,,,,,,,,Potentially Bad Traffic,2.0
2019-01-02 03:56:08.277797,53398368,eth0,alert,43.227.231.129,48703,138.68.3.71,1433,TCP,allowed,1.0,2403362.0,46061.0,ET CINS Active Threat Intelligence Poor Reputation IP TCP group 32,Misc Attack,2.0,,,,,,,,,,,,,,,,,,,,,,,,,,,,,,Misc Attack,2.0
2019-01-02 03:56:51.922127,53399376,eth0,alert,176.119.4.12,55068,138.68.3.71,48968,TCP,allowed,1.0,2402000.0,5047.0,ET DROP Dshield Block Listed Source group 1,Misc Attack,2.0,,,,,,,,,,,,,,,,,,,,,,,,,,,,,,Misc Attack,2.0
2019-01-02 03:57:27.555965,53400048,eth0,alert,198.108.67.99,21496,138.68.3.71,3792,TCP,allowed,1.0,2402000.0,5047.0,ET DROP Dshield Block Listed Source group 1,Misc Attack,2.0,,,,,,,,,,,,,,,,,,,,,,,,,,,,,,Misc Attack,2.0
2019-01-02 03:59:10.558380,53400384,eth0,alert,185.176.27.58,52248,138.68.3.71,38046,TCP,allowed,1.0,2402000.0,5047.0,ET DROP Dshield Block Listed Source group 1,Misc Attack,2.0,,,,,,,,,,,,,,,,,,,,,,,,,,,,,,Misc Attack,2.0
2019-01-02 04:00:36.741147,53402400,eth0,alert,199.231.226.166,48917,138.68.3.71,1433,TCP,allowed,1.0,2010935.0,3.0,ET SCAN Suspicious inbound to MSSQL port 1433,Potentially Bad Traffic,2.0,,,,,,,,,,,,,,,,,,,,,,,,,,,,,,Potentially Bad Traffic,2.0
2019-01-02 04:00:37.850341,53403072,eth0,alert,194.28.115.243,53441,138.68.3.71,18933,TCP,allowed,1.0,2402000.0,5047.0,ET DROP Dshield Block Listed Source group 1,Misc Attack,2.0,,,,,,,,,,,,,,,,,,,,,,,,,,,,,,Misc Attack,2.0
2019-01-02 04:00:56.611047,53404080,eth0,alert,185.176.27.38,57389,138.68.3.71,2177,TCP,allowed,1.0,2402000.0,5047.0,ET DROP Dshield Block Listed Source group 1,Misc Attack,2.0,,,,,,,,,,,,,,,,,,,,,,,,,,,,,,Misc Attack,2.0
2019-01-02 04:02:58.323370,53405424,eth0,alert,185.244.25.105,45683,138.68.3.71,22,TCP,allowed,1.0,2402000.0,5047.0,ET DROP Dshield Block Listed Source group 1,Misc Attack,2.0,,,,,,,,,,,,,,,,,,,,,,,,,,,,,,Misc Attack,2.0
2019-01-02 04:03:38.164055,53405760,eth0,alert,194.28.115.245,52301,138.68.3.71,33897,TCP,allowed,1.0,2402000.0,5047.0,ET DROP Dshield Block Listed Source group 1,Misc Attack,2.0,,,,,,,,,,,,,,,,,,,,,,,,,,,,,,Misc Attack,2.0
2019-01-02 04:03:43.523899,53406096,eth0,alert,185.211.245.157,43441,138.68.3.71,20016,TCP,allowed,1.0,2402000.0,5047.0,ET DROP Dshield Block Listed Source group 1,Misc Attack,2.0,,,,,,,,,,,,,,,,,,,,,,,,,,,,,,Misc Attack,2.0
2019-01-02 04:04:30.775337,53406432,eth0,alert,176.119.4.73,59538,138.68.3.71,9503,TCP,allowed,1.0,2402000.0,5047.0,ET DROP Dshield Block Listed Source group 1,Misc Attack,2.0,,,,,,,,,,,,,,,,,,,,,,,,,,,,,,Misc Attack,2.0
2019-01-02 04:05:09.327068,53407440,eth0,alert,122.10.90.9,42890,138.68.3.71,1433,TCP,allowed,1.0,2010935.0,3.0,ET SCAN Suspicious inbound to MSSQL port 1433,Potentially Bad Traffic,2.0,,,,,,,,,,,,,,,,,,,,,,,,,,,,,,Potentially Bad Traffic,2.0
2019-01-02 04:05:38.491016,53408448,eth0,alert,185.253.157.100,32767,138.68.3.71,8545,TCP,allowed,1.0,2402000.0,5047.0,ET DROP Dshield Block Listed Source group 1,Misc Attack,2.0,,,,,,,,,,,,,,,,,,,,,,,,,,,,,,Misc Attack,2.0
2019-01-02 04:05:59.376174,53408784,eth0,alert,176.119.4.29,57467,138.68.3.71,50126,TCP,allowed,1.0,2402000.0,5047.0,ET DROP Dshield Block Listed Source group 1,Misc Attack,2.0,,,,,,,,,,,,,,,,,,,,,,,,,,,,,,Misc Attack,2.0
2019-01-02 04:06:39.461292,53409792,eth0,alert,120.52.152.16,58914,138.68.3.71,17,TCP,allowed,1.0,2402000.0,5047.0,ET DROP Dshield Block Listed Source group 1,Misc Attack,2.0,,,,,,,,,,,,,,,,,,,,,,,,,,,,,,Misc Attack,2.0
2019-01-02 04:08:12.448016,53411136,eth0,alert,185.176.27.50,52848,138.68.3.71,63772,TCP,allowed,1.0,2402000.0,5047.0,ET DROP Dshield Block Listed Source group 1,Misc Attack,2.0,,,,,,,,,,,,,,,,,,,,,,,,,,,,,,Misc Attack,2.0
2019-01-02 04:08:44.168597,53411472,eth0,alert,58.215.57.185,53844,138.68.3.71,1433,TCP,allowed,1.0,2010935.0,3.0,ET SCAN Suspicious inbound to MSSQL port 1433,Potentially Bad Traffic,2.0,,,,,,,,,,,,,,,,,,,,,,,,,,,,,,Potentially Bad Traffic,2.0
2019-01-02 04:08:55.274962,53412144,eth0,alert,185.53.91.29,5104,138.68.3.71,5060,UDP,allowed,1.0,2008578.0,6.0,ET SCAN Sipvicious Scan,Attempted Information Leak,2.0,,,,,,,,,,,,,,,,,,,,,,,,,,,,,,Attempted Information Leak,2.0
2019-01-02 04:08:55.274962,53412144,eth0,alert,185.53.91.29,5104,138.68.3.71,5060,UDP,allowed,1.0,2008578.0,6.0,ET SCAN Sipvicious Scan,Attempted Information Leak,2.0,,,,,,,,,,,,,,,,,,,,,,,,,,,,,,Attempted Information Leak,2.0
2019-01-02 04:08:55.274962,53412144,eth0,alert,185.53.91.29,5104,138.68.3.71,5060,UDP,allowed,1.0,2011716.0,4.0,ET SCAN Sipvicious User-Agent Detected (friendly-scanner),Attempted Information Leak,2.0,,,,,,,,,,,,,,,,,,,,,,,,,,,,,,Attempted Information Leak,2.0
2019-01-02 04:14:21.660118,53417184,eth0,alert,185.176.27.62,52788,138.68.3.71,29752,TCP,allowed,1.0,2402000.0,5047.0,ET DROP Dshield Block Listed Source group 1,Misc Attack,2.0,,,,,,,,,,,,,,,,,,,,,,,,,,,,,,Misc Attack,2.0
2019-01-02 04:15:21.333737,53419200,eth0,alert,82.202.209.155,60000,138.68.3.71,63389,TCP,allowed,1.0,2403456.0,46061.0,ET CINS Active Threat Intelligence Poor Reputation IP TCP group 79,Misc Attack,2.0,,,,,,,,,,,,,,,,,,,,,,,,,,,,,,Misc Attack,2.0
2019-01-02 04:16:04.105775,53424240,eth0,alert,8.42.77.171,53260,138.68.3.71,3306,TCP,allowed,1.0,2010937.0,3.0,ET SCAN Suspicious inbound to mySQL port 3306,Potentially Bad Traffic,2.0,,,,,,,,,,,,,,,,,,,,,,,,,,,,,,Potentially Bad Traffic,2.0
2019-01-02 04:16:04.312845,53546208,eth0,alert,8.42.77.171,53608,138.68.3.71,5907,TCP,allowed,1.0,2002911.0,5.0,ET SCAN Potential VNC Scan 5900-5920,Attempted Information Leak,2.0,,,,,,,,,,,,,,,,,,,,,,,,,,,,,,Attempted Information Leak,2.0
2019-01-02 04:16:04.347102,53558304,eth0,alert,8.42.77.171,53651,138.68.3.71,1521,TCP,allowed,1.0,2010936.0,3.0,ET SCAN Suspicious inbound to Oracle SQL port 1521,Potentially Bad Traffic,2.0,,,,,,,,,,,,,,,,,,,,,,,,,,,,,,Potentially Bad Traffic,2.0
2019-01-02 04:16:04.363209,53573088,eth0,alert,8.42.77.171,53696,138.68.3.71,5800,TCP,allowed,1.0,2002910.0,5.0,ET SCAN Potential VNC Scan 5800-5820,Attempted Information Leak,2.0,,,,,,,,,,,,,,,,,,,,,,,,,,,,,,Attempted Information Leak,2.0
2019-01-02 04:16:04.503339,53673552,eth0,alert,8.42.77.171,53994,138.68.3.71,5432,TCP,allowed,1.0,2010939.0,3.0,ET SCAN Suspicious inbound to PostgreSQL port 5432,Potentially Bad Traffic,2.0,,,,,,,,,,,,,,,,,,,,,,,,,,,,,,Potentially Bad Traffic,2.0
2019-01-02 04:16:04.566624,53714544,eth0,alert,8.42.77.171,54115,138.68.3.71,1433,TCP,allowed,1.0,2010935.0,3.0,ET SCAN Suspicious inbound to MSSQL port 1433,Potentially Bad Traffic,2.0,,,,,,,,,,,,,,,,,,,,,,,,,,,,,,Potentially Bad Traffic,2.0
2019-01-02 04:16:04.923299,53757216,eth0,alert,8.42.77.171,54244,138.68.3.71,22,TCP,allowed,1.0,2001219.0,19.0,ET SCAN Potential SSH Scan,Attempted Information Leak,2.0,,,,,,,,,,,,,,,,,,,,,,,,,,,,,,Attempted Information Leak,2.0
2019-01-02 04:17:09.282387,53759232,eth0,alert,176.119.4.51,51888,138.68.3.71,50277,TCP,allowed,1.0,2402000.0,5047.0,ET DROP Dshield Block Listed Source group 1,Misc Attack,2.0,,,,,,,,,,,,,,,,,,,,,,,,,,,,,,Misc Attack,2.0
2019-01-02 04:17:43.658471,53759568,eth0,alert,185.211.245.168,43684,138.68.3.71,10020,TCP,allowed,1.0,2402000.0,5047.0,ET DROP Dshield Block Listed Source group 1,Misc Attack,2.0,,,,,,,,,,,,,,,,,,,,,,,,,,,,,,Misc Attack,2.0
2019-01-02 04:18:50.163964,53760240,eth0,alert,185.53.91.55,5149,138.68.3.71,5060,UDP,allowed,1.0,2008578.0,6.0,ET SCAN Sipvicious Scan,Attempted Information Leak,2.0,,,,,,,,,,,,,,,,,,,,,,,,,,,,,,Attempted Information Leak,2.0
2019-01-02 04:18:50.163964,53760240,eth0,alert,185.53.91.55,5149,138.68.3.71,5060,UDP,allowed,1.0,2008578.0,6.0,ET SCAN Sipvicious Scan,Attempted Information Leak,2.0,,,,,,,,,,,,,,,,,,,,,,,,,,,,,,Attempted Information Leak,2.0
2019-01-02 04:18:50.163964,53760240,eth0,alert,185.53.91.55,5149,138.68.3.71,5060,UDP,allowed,1.0,2011716.0,4.0,ET SCAN Sipvicious User-Agent Detected (friendly-scanner),Attempted Information Leak,2.0,,,,,,,,,,,,,,,,,,,,,,,,,,,,,,Attempted Information Leak,2.0
2019-01-02 04:19:43.411297,53761248,eth0,alert,176.119.4.50,51888,138.68.3.71,6073,TCP,allowed,1.0,2402000.0,5047.0,ET DROP Dshield Block Listed Source group 1,Misc Attack,2.0,,,,,,,,,,,,,,,,,,,,,,,,,,,,,,Misc Attack,2.0
2019-01-02 04:21:35.789594,53763600,eth0,alert,185.176.27.98,56790,138.68.3.71,12383,TCP,allowed,1.0,2402000.0,5047.0,ET DROP Dshield Block Listed Source group 1,Misc Attack,2.0,,,,,,,,,,,,,,,,,,,,,,,,,,,,,,Misc Attack,2.0
2019-01-02 04:24:12.037533,53765280,eth0,alert,185.255.31.6,41105,138.68.3.71,22222,TCP,allowed,1.0,2402000.0,5047.0,ET DROP Dshield Block Listed Source group 1,Misc Attack,2.0,,,,,,,,,,,,,,,,,,,,,,,,,,,,,,Misc Attack,2.0
2019-01-02 04:24:49.969185,53766288,eth0,alert,198.108.67.100,22617,138.68.3.71,6161,TCP,allowed,1.0,2402000.0,5047.0,ET DROP Dshield Block Listed Source group 1,Misc Attack,2.0,,,,,,,,,,,,,,,,,,,,,,,,,,,,,,Misc Attack,2.0
2019-01-02 04:27:08.129078,53768304,eth0,alert,66.240.236.119,29011,138.68.3.71,82,TCP,allowed,1.0,2403422.0,46061.0,ET CINS Active Threat Intelligence Poor Reputation IP TCP group 62,Misc Attack,2.0,,,,,,,,,,,,,,,,,,,,,,,,,,,,,,Misc Attack,2.0
2019-01-02 04:30:44.782356,53772000,eth0,alert,185.176.27.2,42289,138.68.3.71,24382,TCP,allowed,1.0,2402000.0,5047.0,ET DROP Dshield Block Listed Source group 1,Misc Attack,2.0,,,,,,,,,,,,,,,,,,,,,,,,,,,,,,Misc Attack,2.0
2019-01-02 04:31:20.213004,53773680,eth0,alert,185.176.27.102,54629,138.68.3.71,63917,TCP,allowed,1.0,2402000.0,5047.0,ET DROP Dshield Block Listed Source group 1,Misc Attack,2.0,,,,,,,,,,,,,,,,,,,,,,,,,,,,,,Misc Attack,2.0
2019-01-02 04:31:42.200840,53774016,eth0,alert,5.188.206.22,43968,138.68.3.71,16000,TCP,allowed,1.0,2402000.0,5047.0,ET DROP Dshield Block Listed Source group 1,Misc Attack,2.0,,,,,,,,,,,,,,,,,,,,,,,,,,,,,,Misc Attack,2.0
2019-01-02 04:31:42.200840,53774016,eth0,alert,5.188.206.22,43968,138.68.3.71,16000,TCP,allowed,1.0,2402000.0,5047.0,ET DROP Dshield Block Listed Source group 1,Misc Attack,2.0,,,,,,,,,,,,,,,,,,,,,,,,,,,,,,Misc Attack,2.0
2019-01-02 04:31:42.200840,53774016,eth0,alert,5.188.206.22,43968,138.68.3.71,16000,TCP,allowed,1.0,2403308.0,46061.0,ET CINS Active Threat Intelligence Poor Reputation IP TCP group 5,Misc Attack,2.0,,,,,,,,,,,,,,,,,,,,,,,,,,,,,,Misc Attack,2.0
2019-01-02 04:33:04.767253,53774688,eth0,alert,176.119.4.49,59027,138.68.3.71,12724,TCP,allowed,1.0,2402000.0,5047.0,ET DROP Dshield Block Listed Source group 1,Misc Attack,2.0,,,,,,,,,,,,,,,,,,,,,,,,,,,,,,Misc Attack,2.0
2019-01-02 04:33:05.221692,53775024,eth0,alert,176.119.4.35,40708,138.68.3.71,25699,TCP,allowed,1.0,2402000.0,5047.0,ET DROP Dshield Block Listed Source group 1,Misc Attack,2.0,,,,,,,,,,,,,,,,,,,,,,,,,,,,,,Misc Attack,2.0
2019-01-02 04:35:53.007299,53777040,eth0,alert,185.244.25.145,55534,138.68.3.71,23,TCP,allowed,1.0,2402000.0,5047.0,ET DROP Dshield Block Listed Source group 1,Misc Attack,2.0,,,,,,,,,,,,,,,,,,,,,,,,,,,,,,Misc Attack,2.0
2019-01-02 04:35:53.007299,53777040,eth0,alert,185.244.25.145,55534,138.68.3.71,23,TCP,allowed,1.0,2402000.0,5047.0,ET DROP Dshield Block Listed Source group 1,Misc Attack,2.0,,,,,,,,,,,,,,,,,,,,,,,,,,,,,,Misc Attack,2.0
2019-01-02 04:35:53.007299,53777040,eth0,alert,185.244.25.145,55534,138.68.3.71,23,TCP,allowed,1.0,2500090.0,4934.0,ET COMPROMISED Known Compromised or Hostile Host Traffic TCP group 46,Misc Attack,2.0,,,,,,,,,,,,,,,,,,,,,,,,,,,,,,Misc Attack,2.0
2019-01-02 04:40:37.519643,53781744,eth0,alert,176.119.4.18,49900,138.68.3.71,6956,TCP,allowed,1.0,2402000.0,5047.0,ET DROP Dshield Block Listed Source group 1,Misc Attack,2.0,,,,,,,,,,,,,,,,,,,,,,,,,,,,,,Misc Attack,2.0
2019-01-02 04:40:50.578094,53782416,eth0,alert,198.108.67.78,1172,138.68.3.71,8446,TCP,allowed,1.0,2402000.0,5047.0,ET DROP Dshield Block Listed Source group 1,Misc Attack,2.0,,,,,,,,,,,,,,,,,,,,,,,,,,,,,,Misc Attack,2.0
2019-01-02 04:40:52.036427,53782752,eth0,alert,88.202.190.148,636,138.68.3.71,636,TCP,allowed,1.0,2403470.0,46061.0,ET CINS Active Threat Intelligence Poor Reputation IP TCP group 86,Misc Attack,2.0,,,,,,,,,,,,,,,,,,,,,,,,,,,,,,Misc Attack,2.0
2019-01-02 04:41:21.987105,53783088,eth0,alert,92.63.194.28,42964,138.68.3.71,60900,TCP,allowed,1.0,2402000.0,5047.0,ET DROP Dshield Block Listed Source group 1,Misc Attack,2.0,,,,,,,,,,,,,,,,,,,,,,,,,,,,,,Misc Attack,2.0
2019-01-02 04:41:21.987105,53783088,eth0,alert,92.63.194.28,42964,138.68.3.71,60900,TCP,allowed,1.0,2402000.0,5047.0,ET DROP Dshield Block Listed Source group 1,Misc Attack,2.0,,,,,,,,,,,,,,,,,,,,,,,,,,,,,,Misc Attack,2.0
2019-01-02 04:41:21.987105,53783088,eth0,alert,92.63.194.28,42964,138.68.3.71,60900,TCP,allowed,1.0,2403486.0,46061.0,ET CINS Active Threat Intelligence Poor Reputation IP TCP group 94,Misc Attack,2.0,,,,,,,,,,,,,,,,,,,,,,,,,,,,,,Misc Attack,2.0
2019-01-02 04:41:23.731773,53783424,eth0,alert,212.118.117.245,47748,138.68.3.71,1433,TCP,allowed,1.0,2010935.0,3.0,ET SCAN Suspicious inbound to MSSQL port 1433,Potentially Bad Traffic,2.0,,,,,,,,,,,,,,,,,,,,,,,,,,,,,,Potentially Bad Traffic,2.0
2019-01-02 04:41:47.163008,53783760,eth0,alert,5.42.250.179,58620,138.68.3.71,1433,TCP,allowed,1.0,2010935.0,3.0,ET SCAN Suspicious inbound to MSSQL port 1433,Potentially Bad Traffic,2.0,,,,,,,,,,,,,,,,,,,,,,,,,,,,,,Potentially Bad Traffic,2.0
2019-01-02 04:43:11.755913,53785104,eth0,alert,190.61.31.105,42400,138.68.3.71,1433,TCP,allowed,1.0,2010935.0,3.0,ET SCAN Suspicious inbound to MSSQL port 1433,Potentially Bad Traffic,2.0,,,,,,,,,,,,,,,,,,,,,,,,,,,,,,Potentially Bad Traffic,2.0
2019-01-02 04:43:11.755951,53785104,eth0,alert,190.61.31.105,42400,138.68.3.71,1433,TCP,allowed,1.0,2010935.0,3.0,ET SCAN Suspicious inbound to MSSQL port 1433,Potentially Bad Traffic,2.0,,,,,,,,,,,,,,,,,,,,,,,,,,,,,,Potentially Bad Traffic,2.0
2019-01-02 04:44:17.455428,53785776,eth0,alert,109.248.9.13,56068,138.68.3.71,39163,TCP,allowed,1.0,2402000.0,5047.0,ET DROP Dshield Block Listed Source group 1,Misc Attack,2.0,,,,,,,,,,,,,,,,,,,,,,,,,,,,,,Misc Attack,2.0
2019-01-02 04:46:28.410105,53787456,eth0,alert,92.53.76.213,60000,138.68.3.71,33890,TCP,allowed,1.0,2403484.0,46061.0,ET CINS Active Threat Intelligence Poor Reputation IP TCP group 93,Misc Attack,2.0,,,,,,,,,,,,,,,,,,,,,,,,,,,,,,Misc Attack,2.0
2019-01-02 04:46:58.189400,53788800,eth0,alert,185.176.27.246,42164,138.68.3.71,6471,TCP,allowed,1.0,2402000.0,5047.0,ET DROP Dshield Block Listed Source group 1,Misc Attack,2.0,,,,,,,,,,,,,,,,,,,,,,,,,,,,,,Misc Attack,2.0
2019-01-02 04:48:08.177654,53789472,eth0,alert,184.105.139.67,58695,138.68.3.71,161,UDP,allowed,1.0,2101411.0,12.0,GPL SNMP public access udp,Attempted Information Leak,2.0,,,,,,,,,,,,,,,,,,,,,,,,,,,,,,Attempted Information Leak,2.0
2019-01-02 04:50:18.046171,53791824,eth0,alert,176.119.4.9,46754,138.68.3.71,14708,TCP,allowed,1.0,2402000.0,5047.0,ET DROP Dshield Block Listed Source group 1,Misc Attack,2.0,,,,,,,,,,,,,,,,,,,,,,,,,,,,,,Misc Attack,2.0
2019-01-02 04:54:28.473003,53796192,eth0,alert,59.47.71.13,50772,138.68.3.71,3306,TCP,allowed,1.0,2010937.0,3.0,ET SCAN Suspicious inbound to mySQL port 3306,Potentially Bad Traffic,2.0,,,,,,,,,,,,,,,,,,,,,,,,,,,,,,Potentially Bad Traffic,2.0
2019-01-02 04:54:28.473003,53796192,eth0,alert,59.47.71.13,50772,138.68.3.71,3306,TCP,allowed,1.0,2010937.0,3.0,ET SCAN Suspicious inbound to mySQL port 3306,Potentially Bad Traffic,2.0,,,,,,,,,,,,,,,,,,,,,,,,,,,,,,Potentially Bad Traffic,2.0
2019-01-02 04:54:28.473003,53796192,eth0,alert,59.47.71.13,50772,138.68.3.71,3306,TCP,allowed,1.0,2403396.0,46061.0,ET CINS Active Threat Intelligence Poor Reputation IP TCP group 49,Misc Attack,2.0,,,,,,,,,,,,,,,,,,,,,,,,,,,,,,Misc Attack,2.0
2019-01-02 04:57:04.612703,53798544,eth0,alert,176.119.4.77,49887,138.68.3.71,6877,TCP,allowed,1.0,2402000.0,5047.0,ET DROP Dshield Block Listed Source group 1,Misc Attack,2.0,,,,,,,,,,,,,,,,,,,,,,,,,,,,,,Misc Attack,2.0
2019-01-02 04:59:05.822970,53798544,eth0,alert,58.218.213.6,20542,138.68.3.71,8080,TCP,allowed,1.0,2403386.0,46061.0,ET CINS Active Threat Intelligence Poor Reputation IP TCP group 44,Misc Attack,2.0,,,,,,,,,,,,,,,,,,,,,,,,,,,,,,Misc Attack,2.0
2019-01-02 04:59:55.164511,53802240,eth0,alert,91.245.36.26,56076,138.68.3.71,8291,TCP,allowed,1.0,2403482.0,46061.0,ET CINS Active Threat Intelligence Poor Reputation IP TCP group 92,Misc Attack,2.0,,,,,,,,,,,,,,,,,,,,,,,,,,,,,,Misc Attack,2.0
2019-01-02 05:02:02.800594,53814336,eth0,alert,8.42.77.171,56045,138.68.3.71,3306,TCP,allowed,1.0,2010937.0,3.0,ET SCAN Suspicious inbound to mySQL port 3306,Potentially Bad Traffic,2.0,,,,,,,,,,,,,,,,,,,,,,,,,,,,,,Potentially Bad Traffic,2.0
2019-01-02 05:02:03.000101,53921856,eth0,alert,8.42.77.171,56358,138.68.3.71,5432,TCP,allowed,1.0,2010939.0,3.0,ET SCAN Suspicious inbound to PostgreSQL port 5432,Potentially Bad Traffic,2.0,,,,,,,,,,,,,,,,,,,,,,,,,,,,,,Potentially Bad Traffic,2.0
2019-01-02 05:02:03.073014,53964192,eth0,alert,8.42.77.171,56482,138.68.3.71,5903,TCP,allowed,1.0,2002911.0,5.0,ET SCAN Potential VNC Scan 5900-5920,Attempted Information Leak,2.0,,,,,,,,,,,,,,,,,,,,,,,,,,,,,,Attempted Information Leak,2.0
2019-01-02 05:02:03.111561,53992752,eth0,alert,8.42.77.171,56570,138.68.3.71,1521,TCP,allowed,1.0,2010936.0,3.0,ET SCAN Suspicious inbound to Oracle SQL port 1521,Potentially Bad Traffic,2.0,,,,,,,,,,,,,,,,,,,,,,,,,,,,,,Potentially Bad Traffic,2.0
2019-01-02 05:02:03.149601,54020304,eth0,alert,8.42.77.171,56660,138.68.3.71,1433,TCP,allowed,1.0,2010935.0,3.0,ET SCAN Suspicious inbound to MSSQL port 1433,Potentially Bad Traffic,2.0,,,,,,,,,,,,,,,,,,,,,,,,,,,,,,Potentially Bad Traffic,2.0
2019-01-02 05:02:03.188080,54055584,eth0,alert,8.42.77.171,56761,138.68.3.71,5802,TCP,allowed,1.0,2002910.0,5.0,ET SCAN Potential VNC Scan 5800-5820,Attempted Information Leak,2.0,,,,,,,,,,,,,,,,,,,,,,,,,,,,,,Attempted Information Leak,2.0
2019-01-02 05:02:21.174032,54143616,eth0,alert,8.42.77.171,57039,138.68.3.71,3306,TCP,allowed,1.0,2010937.0,3.0,ET SCAN Suspicious inbound to mySQL port 3306,Potentially Bad Traffic,2.0,,,,,,,,,,,,,,,,,,,,,,,,,,,,,,Potentially Bad Traffic,2.0
2019-01-02 05:02:21.251607,54162432,eth0,alert,8.42.77.171,57097,138.68.3.71,1521,TCP,allowed,1.0,2010936.0,3.0,ET SCAN Suspicious inbound to Oracle SQL port 1521,Potentially Bad Traffic,2.0,,,,,,,,,,,,,,,,,,,,,,,,,,,,,,Potentially Bad Traffic,2.0
2019-01-02 05:02:22.562539,54358320,eth0,alert,8.42.77.171,57691,138.68.3.71,1433,TCP,allowed,1.0,2010935.0,3.0,ET SCAN Suspicious inbound to MSSQL port 1433,Potentially Bad Traffic,2.0,,,,,,,,,,,,,,,,,,,,,,,,,,,,,,Potentially Bad Traffic,2.0
2019-01-02 05:02:22.763456,54461808,eth0,alert,8.42.77.171,58000,138.68.3.71,5432,TCP,allowed,1.0,2010939.0,3.0,ET SCAN Suspicious inbound to PostgreSQL port 5432,Potentially Bad Traffic,2.0,,,,,,,,,,,,,,,,,,,,,,,,,,,,,,Potentially Bad Traffic,2.0
2019-01-02 05:02:23.048484,54479616,eth0,alert,8.42.77.171,58055,138.68.3.71,22,TCP,allowed,1.0,2001219.0,19.0,ET SCAN Potential SSH Scan,Attempted Information Leak,2.0,,,,,,,,,,,,,,,,,,,,,,,,,,,,,,Attempted Information Leak,2.0
2019-01-02 05:07:25.062719,54484656,eth0,alert,120.192.150.234,12718,138.68.3.71,1433,TCP,allowed,1.0,2010935.0,3.0,ET SCAN Suspicious inbound to MSSQL port 1433,Potentially Bad Traffic,2.0,,,,,,,,,,,,,,,,,,,,,,,,,,,,,,Potentially Bad Traffic,2.0
2019-01-02 05:08:09.591673,54485664,eth0,alert,198.108.67.51,56506,138.68.3.71,8045,TCP,allowed,1.0,2402000.0,5047.0,ET DROP Dshield Block Listed Source group 1,Misc Attack,2.0,,,,,,,,,,,,,,,,,,,,,,,,,,,,,,Misc Attack,2.0
2019-01-02 05:11:00.297404,54488352,eth0,alert,176.119.4.11,58250,138.68.3.71,3815,TCP,allowed,1.0,2402000.0,5047.0,ET DROP Dshield Block Listed Source group 1,Misc Attack,2.0,,,,,,,,,,,,,,,,,,,,,,,,,,,,,,Misc Attack,2.0
2019-01-02 05:11:06.691637,54489024,eth0,alert,89.248.168.51,45025,138.68.3.71,80,UDP,allowed,1.0,2403477.0,46061.0,ET CINS Active Threat Intelligence Poor Reputation IP UDP group 89,Misc Attack,2.0,,,,,,,,,,,,,,,,,,,,,,,,,,,,,,Misc Attack,2.0
2019-01-02 05:11:08.725121,54489360,eth0,alert,176.119.4.22,50561,138.68.3.71,13389,TCP,allowed,1.0,2402000.0,5047.0,ET DROP Dshield Block Listed Source group 1,Misc Attack,2.0,,,,,,,,,,,,,,,,,,,,,,,,,,,,,,Misc Attack,2.0
2019-01-02 05:12:54.889194,54491712,eth0,alert,88.214.26.54,45049,138.68.3.71,36012,TCP,allowed,1.0,2403472.0,46061.0,ET CINS Active Threat Intelligence Poor Reputation IP TCP group 87,Misc Attack,2.0,,,,,,,,,,,,,,,,,,,,,,,,,,,,,,Misc Attack,2.0
2019-01-02 05:15:00.423085,44067872,eth0,alert,120.52.152.16,58914,138.68.3.71,70,TCP,allowed,1.0,2402000.0,5047.0,ET DROP Dshield Block Listed Source group 1,Misc Attack,2.0,,,,,,,,,,,,,,,,,,,,,,,,,,,,,,Misc Attack,2.0
2019-01-02 05:15:26.951196,44073584,eth0,alert,8.42.77.171,58201,138.68.3.71,3306,TCP,allowed,1.0,2010937.0,3.0,ET SCAN Suspicious inbound to mySQL port 3306,Potentially Bad Traffic,2.0,,,,,,,,,,,,,,,,,,,,,,,,,,,,,,Potentially Bad Traffic,2.0
2019-01-02 05:15:28.109670,44085344,eth0,alert,8.42.77.171,58266,138.68.3.71,1433,TCP,allowed,1.0,2010935.0,3.0,ET SCAN Suspicious inbound to MSSQL port 1433,Potentially Bad Traffic,2.0,,,,,,,,,,,,,,,,,,,,,,,,,,,,,,Potentially Bad Traffic,2.0
2019-01-02 05:15:28.111593,44087360,eth0,alert,8.42.77.171,58281,138.68.3.71,5432,TCP,allowed,1.0,2010939.0,3.0,ET SCAN Suspicious inbound to PostgreSQL port 5432,Potentially Bad Traffic,2.0,,,,,,,,,,,,,,,,,,,,,,,,,,,,,,Potentially Bad Traffic,2.0
2019-01-02 05:15:30.847168,44192864,eth0,alert,8.42.77.171,58594,138.68.3.71,1521,TCP,allowed,1.0,2010936.0,3.0,ET SCAN Suspicious inbound to Oracle SQL port 1521,Potentially Bad Traffic,2.0,,,,,,,,,,,,,,,,,,,,,,,,,,,,,,Potentially Bad Traffic,2.0
2019-01-02 05:15:31.587590,44234528,eth0,alert,8.42.77.171,58722,138.68.3.71,5904,TCP,allowed,1.0,2002911.0,5.0,ET SCAN Potential VNC Scan 5900-5920,Attempted Information Leak,2.0,,,,,,,,,,,,,,,,,,,,,,,,,,,,,,Attempted Information Leak,2.0
2019-01-02 05:15:32.504812,44288960,eth0,alert,45.62.211.169,45638,138.68.3.71,1433,TCP,allowed,1.0,2010935.0,3.0,ET SCAN Suspicious inbound to MSSQL port 1433,Potentially Bad Traffic,2.0,,,,,,,,,,,,,,,,,,,,,,,,,,,,,,Potentially Bad Traffic,2.0
2019-01-02 05:15:32.504812,44288960,eth0,alert,45.62.211.169,45638,138.68.3.71,1433,TCP,allowed,1.0,2010935.0,3.0,ET SCAN Suspicious inbound to MSSQL port 1433,Potentially Bad Traffic,2.0,,,,,,,,,,,,,,,,,,,,,,,,,,,,,,Potentially Bad Traffic,2.0
2019-01-02 05:15:32.504812,44288960,eth0,alert,45.62.211.169,45638,138.68.3.71,1433,TCP,allowed,1.0,2403368.0,46061.0,ET CINS Active Threat Intelligence Poor Reputation IP TCP group 35,Misc Attack,2.0,,,,,,,,,,,,,,,,,,,,,,,,,,,,,,Misc Attack,2.0
2019-01-02 05:15:34.308572,44393792,eth0,alert,8.42.77.171,59204,138.68.3.71,5801,TCP,allowed,1.0,2002910.0,5.0,ET SCAN Potential VNC Scan 5800-5820,Attempted Information Leak,2.0,,,,,,,,,,,,,,,,,,,,,,,,,,,,,,Attempted Information Leak,2.0
2019-01-02 05:16:06.392664,44410592,eth0,alert,194.28.115.245,42381,138.68.3.71,19999,TCP,allowed,1.0,2402000.0,5047.0,ET DROP Dshield Block Listed Source group 1,Misc Attack,2.0,,,,,,,,,,,,,,,,,,,,,,,,,,,,,,Misc Attack,2.0
2019-01-02 05:16:31.724516,44410928,eth0,ssh,8.42.77.171,59257,138.68.3.71,22,TCP,,,,,,,,2.0,OpenSSH_7.7,2.0,OpenSSH_7.2p2 Ubuntu-4ubuntu2.6,,,,,,,,,,,,,,,,,,,,,,,,,,,
2019-01-02 05:17:02.793311,44411600,eth0,alert,103.94.2.20,41150,138.68.3.71,1433,TCP,allowed,1.0,2010935.0,3.0,ET SCAN Suspicious inbound to MSSQL port 1433,Potentially Bad Traffic,2.0,,,,,,,,,,,,,,,,,,,,,,,,,,,,,,Potentially Bad Traffic,2.0
2019-01-02 05:17:55.320895,44412272,eth0,alert,176.119.4.37,43708,138.68.3.71,13976,TCP,allowed,1.0,2402000.0,5047.0,ET DROP Dshield Block Listed Source group 1,Misc Attack,2.0,,,,,,,,,,,,,,,,,,,,,,,,,,,,,,Misc Attack,2.0
2019-01-02 05:18:13.137709,44412944,eth0,alert,194.28.115.243,45981,138.68.3.71,4100,TCP,allowed,1.0,2402000.0,5047.0,ET DROP Dshield Block Listed Source group 1,Misc Attack,2.0,,,,,,,,,,,,,,,,,,,,,,,,,,,,,,Misc Attack,2.0
2019-01-02 05:19:47.315548,43167376,eth0,alert,78.128.112.98,50318,138.68.3.71,23383,TCP,allowed,1.0,2402000.0,5047.0,ET DROP Dshield Block Listed Source group 1,Misc Attack,2.0,,,,,,0.0,,,,,,,,,,,,,,,,,,,,,,,,Misc Attack,2.0
2019-01-02 05:19:47.315548,43167376,eth0,alert,78.128.112.98,50318,138.68.3.71,23383,TCP,allowed,1.0,2402000.0,5047.0,ET DROP Dshield Block Listed Source group 1,Misc Attack,2.0,,,,,,0.0,,,,,,,,,,,,,,,,,,,,,,,,Misc Attack,2.0
2019-01-02 05:19:47.315548,43167376,eth0,alert,78.128.112.98,50318,138.68.3.71,23383,TCP,allowed,1.0,2403444.0,46061.0,ET CINS Active Threat Intelligence Poor Reputation IP TCP group 73,Misc Attack,2.0,,,,,,0.0,,,,,,,,,,,,,,,,,,,,,,,,Misc Attack,2.0
2019-01-02 05:20:54.780261,43168384,eth0,alert,185.255.31.6,41105,138.68.3.71,1082,TCP,allowed,1.0,2402000.0,5047.0,ET DROP Dshield Block Listed Source group 1,Misc Attack,2.0,,,,,,0.0,,,,,,,,,,,,,,,,,,,,,,,,Misc Attack,2.0
2019-01-02 05:21:25.403279,43179472,eth0,alert,8.42.77.171,60330,138.68.3.71,3306,TCP,allowed,1.0,2010937.0,3.0,ET SCAN Suspicious inbound to mySQL port 3306,Potentially Bad Traffic,2.0,,,,,,0.0,"8T""xw",,,,,,,,,,,,,,,,,,,,,,,Potentially Bad Traffic,2.0
2019-01-02 05:21:25.474474,43197952,eth0,alert,8.42.77.171,60392,138.68.3.71,1433,TCP,allowed,1.0,2010935.0,3.0,ET SCAN Suspicious inbound to MSSQL port 1433,Potentially Bad Traffic,2.0,,,,,,0.0,8Wxw,,,,,,,,,,,,,,,,,,,,,,,Potentially Bad Traffic,2.0
2019-01-02 05:21:25.637840,43306816,eth0,alert,8.42.77.171,60708,138.68.3.71,1521,TCP,allowed,1.0,2010936.0,3.0,ET SCAN Suspicious inbound to Oracle SQL port 1521,Potentially Bad Traffic,2.0,,,,,,0.0,,,,,,,,,,,,,,,,,,,,,,,,Potentially Bad Traffic,2.0
2019-01-02 05:21:25.638407,43310176,eth0,alert,8.42.77.171,60714,138.68.3.71,5911,TCP,allowed,1.0,2002911.0,5.0,ET SCAN Potential VNC Scan 5900-5920,Attempted Information Leak,2.0,,,,,,0.0,,,,,,,,,,,,,,,,,,,,,,,,Attempted Information Leak,2.0
2019-01-02 05:21:25.728179,43376032,eth0,alert,8.42.77.171,60906,138.68.3.71,5432,TCP,allowed,1.0,2010939.0,3.0,ET SCAN Suspicious inbound to PostgreSQL port 5432,Potentially Bad Traffic,2.0,,,,,,0.0,,,,,,,,,,,,,,,,,,,,,,,,Potentially Bad Traffic,2.0
2019-01-02 05:21:25.881617,43481872,eth0,alert,8.42.77.171,61239,138.68.3.71,5801,TCP,allowed,1.0,2002910.0,5.0,ET SCAN Potential VNC Scan 5800-5820,Attempted Information Leak,2.0,,,,,,0.0,,,,,,,,,,,,,,,,,,,,,,,,Attempted Information Leak,2.0
2019-01-02 05:21:26.171888,43507072,eth0,ssh,8.42.77.171,61306,138.68.3.71,22,TCP,,,,,,,,1.5,Nmap-SSH1-Hostkey,2.0,OpenSSH_7.2p2 Ubuntu-4ubuntu2.6,,,,,,,,,,,,,,,,,,,,,,,,,,,
2019-01-02 05:21:26.172843,43507408,eth0,ssh,8.42.77.171,61307,138.68.3.71,22,TCP,,,,,,,,1.5,NmapNSE_1.0,2.0,OpenSSH_7.2p2 Ubuntu-4ubuntu2.6,,,,,,,,,,,,,,,,,,,,,,,,,,,
2019-01-02 05:21:26.207391,43507744,eth0,alert,8.42.77.171,61308,138.68.3.71,22,TCP,allowed,1.0,2001219.0,19.0,ET SCAN Potential SSH Scan,Attempted Information Leak,2.0,,,,,,0.0,Qxw,,,,,,,,,,,,,,,,,,,,,,,Attempted Information Leak,2.0
2019-01-02 05:21:26.279908,43507744,eth0,ssh,8.42.77.171,61308,138.68.3.71,22,TCP,,,,,,,,2.0,Nmap-SSH2-Hostkey,2.0,OpenSSH_7.2p2 Ubuntu-4ubuntu2.6,,,,,,,,,,,,,,,,,,,,,,,,,,,
2019-01-02 05:21:26.392373,43508080,eth0,ssh,8.42.77.171,61309,138.68.3.71,22,TCP,,,,,,,,2.0,Nmap-SSH2-Hostkey,2.0,OpenSSH_7.2p2 Ubuntu-4ubuntu2.6,,,,,,,,,,,,,,,,,,,,,,,,,,,
2019-01-02 05:21:26.613816,43508416,eth0,ssh,8.42.77.171,61310,138.68.3.71,22,TCP,,,,,,,,2.0,Nmap-SSH2-Hostkey,2.0,OpenSSH_7.2p2 Ubuntu-4ubuntu2.6,,,,,,,,,,,,,,,,,,,,,,,,,,,
2019-01-02 05:21:26.823883,43508752,eth0,ssh,8.42.77.171,61311,138.68.3.71,22,TCP,,,,,,,,2.0,Nmap-SSH2-Hostkey,2.0,OpenSSH_7.2p2 Ubuntu-4ubuntu2.6,,,,,,,,,,,,,,,,,,,,,,,,,,,
2019-01-02 05:21:26.934876,43509088,eth0,ssh,8.42.77.171,61312,138.68.3.71,22,TCP,,,,,,,,2.0,Nmap-SSH2-Hostkey,2.0,OpenSSH_7.2p2 Ubuntu-4ubuntu2.6,,,,,,,,,,,,,,,,,,,,,,,,,,,
2019-01-02 05:21:27.048885,43509424,eth0,ssh,8.42.77.171,61313,138.68.3.71,22,TCP,,,,,,,,2.0,Nmap-SSH2-Hostkey,2.0,OpenSSH_7.2p2 Ubuntu-4ubuntu2.6,,,,,,,,,,,,,,,,,,,,,,,,,,,
2019-01-02 05:21:59.550161,43509760,eth0,ssh,8.42.77.171,61316,138.68.3.71,22,TCP,,,,,,,,2.0,OpenSSH_7.7,2.0,OpenSSH_7.2p2 Ubuntu-4ubuntu2.6,,,,,,,,,,,,,,,,,,,,,,,,,,,
2019-01-02 05:22:04.580730,43510096,eth0,alert,185.176.27.34,43149,138.68.3.71,27609,TCP,allowed,1.0,2402000.0,5047.0,ET DROP Dshield Block Listed Source group 1,Misc Attack,2.0,,,,,,0.0,XS6xw,,,,,,,,,,,,,,,,,,,,,,,Misc Attack,2.0
2019-01-02 05:22:42.908900,43510432,eth0,alert,82.202.197.192,48944,138.68.3.71,5089,TCP,allowed,1.0,2403456.0,46061.0,ET CINS Active Threat Intelligence Poor Reputation IP TCP group 79,Misc Attack,2.0,,,,,,0.0,,,,,,,,,,,,,,,,,,,,,,,,Misc Attack,2.0
2019-01-02 05:22:53.092051,43511104,eth0,alert,88.214.26.54,45049,138.68.3.71,36021,TCP,allowed,1.0,2403472.0,46061.0,ET CINS Active Threat Intelligence Poor Reputation IP TCP group 87,Misc Attack,2.0,,,,,,0.0,,,,,,,,,,,,,,,,,,,,,,,,Misc Attack,2.0
2019-01-02 05:24:01.962070,43511440,eth0,alert,176.119.4.12,55068,138.68.3.71,48969,TCP,allowed,1.0,2402000.0,5047.0,ET DROP Dshield Block Listed Source group 1,Misc Attack,2.0,,,,,,0.0,,,,,,,,,,,,,,,,,,,,,,,,Misc Attack,2.0
2019-01-02 05:25:07.807898,43512112,eth0,alert,185.176.27.6,44809,138.68.3.71,40369,TCP,allowed,1.0,2402000.0,5047.0,ET DROP Dshield Block Listed Source group 1,Misc Attack,2.0,,,,,,0.0,,,,,,,,,,,,,,,,,,,,,,,,Misc Attack,2.0
2019-01-02 05:26:24.432721,43512784,eth0,alert,37.49.231.125,22138,138.68.3.71,8030,TCP,allowed,1.0,2403346.0,46061.0,ET CINS Active Threat Intelligence Poor Reputation IP TCP group 24,Misc Attack,2.0,,,,,,0.0,,,,,,,,,,,,,,,,,,,,,,,,Misc Attack,2.0
2019-01-02 05:27:00.826451,43511776,eth0,alert,185.176.27.246,44604,138.68.3.71,14338,TCP,allowed,1.0,2402000.0,5047.0,ET DROP Dshield Block Listed Source group 1,Misc Attack,2.0,,,,,,0.0,8K4xw,,,,,,,,,,,,,,,,,,,,,,,Misc Attack,2.0
2019-01-02 05:27:26.405379,43513120,eth0,alert,185.176.27.102,54629,138.68.3.71,63918,TCP,allowed,1.0,2402000.0,5047.0,ET DROP Dshield Block Listed Source group 1,Misc Attack,2.0,,,,,,0.0,,,,,,,,,,,,,,,,,,,,,,,,Misc Attack,2.0
2019-01-02 05:27:44.153921,43513456,eth0,alert,31.192.108.68,53597,138.68.3.71,33098,TCP,allowed,1.0,2402000.0,5047.0,ET DROP Dshield Block Listed Source group 1,Misc Attack,2.0,,,,,,0.0,,,,,,,,,,,,,,,,,,,,,,,,Misc Attack,2.0
2019-01-02 05:27:44.153921,43513456,eth0,alert,31.192.108.68,53597,138.68.3.71,33098,TCP,allowed,1.0,2402000.0,5047.0,ET DROP Dshield Block Listed Source group 1,Misc Attack,2.0,,,,,,0.0,,,,,,,,,,,,,,,,,,,,,,,,Misc Attack,2.0
2019-01-02 05:27:44.153921,43513456,eth0,alert,31.192.108.68,53597,138.68.3.71,33098,TCP,allowed,1.0,2403336.0,46061.0,ET CINS Active Threat Intelligence Poor Reputation IP TCP group 19,Misc Attack,2.0,,,,,,0.0,,,,,,,,,,,,,,,,,,,,,,,,Misc Attack,2.0
2019-01-02 05:28:00.118399,43513792,eth0,alert,185.53.91.65,5134,138.68.3.71,5060,UDP,allowed,1.0,2008578.0,6.0,ET SCAN Sipvicious Scan,Attempted Information Leak,2.0,,,,,T1BUSU9OUyBzaXA6MTAwQDEzOC42OC4zLjcxIFNJUC8yLjANClZpYTogU0lQLzIuMC9VRFAgMTg1LjUzLjkxLjY1OjUxMzQ7YnJhbmNoPXo5aEc0YkstNDA4MDIyMjQ0NDtycG9ydA0KQ29udGVudC1MZW5ndGg6IDANCkZyb206ICJzaXB2aWNpb3VzIjxzaXA6MTAwQDEuMS4xLjE+O3RhZz0zODYxMzQzNDMwMzMzNDM3MzEzMzYzMzQwMTMyMzQzODM4MzgzMTM2MzAzNzMwDQpBY2NlcHQ6IGFwcGxpY2F0aW9uL3NkcA0KVXNlci1BZ2VudDogZnJpZW5kbHktc2Nhbm5lcg0KVG86ICJzaXB2aWNpb3VzIjxzaXA6MTAwQDEuMS4xLjE+DQpDb250YWN0OiBzaXA6MTAwQDE4NS41My45MS42NTo1MTM0DQpDU2VxOiAxIE9QVElPTlMNCkNhbGwtSUQ6IDU3MTgzMTY5ODYxNjEyMjg1NjU0NjM5Mg0KTWF4LUZvcndhcmRzOiA3MA0KDQo=,0.0,"OPTIONS sip:100@138.68.3.71 SIP/2.0
Via: SIP/2.0/UDP 185.53.91.65:5134;branch=z9hG4bK-4080222444;rport
Content-Length: 0
From: ""sipvicious""<sip:100@1.1.1.1>;tag=3861343430333437313363340132343838383136303730
Accept: application/sdp
User-Agent: friendly-scanner
To: ""sipvicious""<sip:100@1.1.1.1>
Contact: sip:100@185.53.91.65:5134
CSeq: 1 OPTIONS
Call-ID: 571831698616122856546392
Max-Forwards: 70

",,,,,,,,,,,,,,,,,,,,,,,Attempted Information Leak,2.0
2019-01-02 05:28:00.118399,43513792,eth0,alert,185.53.91.65,5134,138.68.3.71,5060,UDP,allowed,1.0,2008578.0,6.0,ET SCAN Sipvicious Scan,Attempted Information Leak,2.0,,,,,T1BUSU9OUyBzaXA6MTAwQDEzOC42OC4zLjcxIFNJUC8yLjANClZpYTogU0lQLzIuMC9VRFAgMTg1LjUzLjkxLjY1OjUxMzQ7YnJhbmNoPXo5aEc0YkstNDA4MDIyMjQ0NDtycG9ydA0KQ29udGVudC1MZW5ndGg6IDANCkZyb206ICJzaXB2aWNpb3VzIjxzaXA6MTAwQDEuMS4xLjE+O3RhZz0zODYxMzQzNDMwMzMzNDM3MzEzMzYzMzQwMTMyMzQzODM4MzgzMTM2MzAzNzMwDQpBY2NlcHQ6IGFwcGxpY2F0aW9uL3NkcA0KVXNlci1BZ2VudDogZnJpZW5kbHktc2Nhbm5lcg0KVG86ICJzaXB2aWNpb3VzIjxzaXA6MTAwQDEuMS4xLjE+DQpDb250YWN0OiBzaXA6MTAwQDE4NS41My45MS42NTo1MTM0DQpDU2VxOiAxIE9QVElPTlMNCkNhbGwtSUQ6IDU3MTgzMTY5ODYxNjEyMjg1NjU0NjM5Mg0KTWF4LUZvcndhcmRzOiA3MA0KDQo=,0.0,"OPTIONS sip:100@138.68.3.71 SIP/2.0
Via: SIP/2.0/UDP 185.53.91.65:5134;branch=z9hG4bK-4080222444;rport
Content-Length: 0
From: ""sipvicious""<sip:100@1.1.1.1>;tag=3861343430333437313363340132343838383136303730
Accept: application/sdp
User-Agent: friendly-scanner
To: ""sipvicious""<sip:100@1.1.1.1>
Contact: sip:100@185.53.91.65:5134
CSeq: 1 OPTIONS
Call-ID: 571831698616122856546392
Max-Forwards: 70

",,,,,,,,,,,,,,,,,,,,,,,Attempted Information Leak,2.0
2019-01-02 05:28:00.118399,43513792,eth0,alert,185.53.91.65,5134,138.68.3.71,5060,UDP,allowed,1.0,2011716.0,4.0,ET SCAN Sipvicious User-Agent Detected (friendly-scanner),Attempted Information Leak,2.0,,,,,T1BUSU9OUyBzaXA6MTAwQDEzOC42OC4zLjcxIFNJUC8yLjANClZpYTogU0lQLzIuMC9VRFAgMTg1LjUzLjkxLjY1OjUxMzQ7YnJhbmNoPXo5aEc0YkstNDA4MDIyMjQ0NDtycG9ydA0KQ29udGVudC1MZW5ndGg6IDANCkZyb206ICJzaXB2aWNpb3VzIjxzaXA6MTAwQDEuMS4xLjE+O3RhZz0zODYxMzQzNDMwMzMzNDM3MzEzMzYzMzQwMTMyMzQzODM4MzgzMTM2MzAzNzMwDQpBY2NlcHQ6IGFwcGxpY2F0aW9uL3NkcA0KVXNlci1BZ2VudDogZnJpZW5kbHktc2Nhbm5lcg0KVG86ICJzaXB2aWNpb3VzIjxzaXA6MTAwQDEuMS4xLjE+DQpDb250YWN0OiBzaXA6MTAwQDE4NS41My45MS42NTo1MTM0DQpDU2VxOiAxIE9QVElPTlMNCkNhbGwtSUQ6IDU3MTgzMTY5ODYxNjEyMjg1NjU0NjM5Mg0KTWF4LUZvcndhcmRzOiA3MA0KDQo=,0.0,"OPTIONS sip:100@138.68.3.71 SIP/2.0
Via: SIP/2.0/UDP 185.53.91.65:5134;branch=z9hG4bK-4080222444;rport
Content-Length: 0
From: ""sipvicious""<sip:100@1.1.1.1>;tag=3861343430333437313363340132343838383136303730
Accept: application/sdp
User-Agent: friendly-scanner
To: ""sipvicious""<sip:100@1.1.1.1>
Contact: sip:100@185.53.91.65:5134
CSeq: 1 OPTIONS
Call-ID: 571831698616122856546392
Max-Forwards: 70

",,,,,,,,,,,,,,,,,,,,,,,Attempted Information Leak,2.0
2019-01-02 05:28:17.110648,43514128,eth0,alert,92.63.194.38,45942,138.68.3.71,60700,TCP,allowed,1.0,2402000.0,5047.0,ET DROP Dshield Block Listed Source group 1,Misc Attack,2.0,,,,,,0.0,(G3xw,,,,,,,,,,,,,,,,,,,,,,,Misc Attack,2.0
2019-01-02 05:28:17.110648,43514128,eth0,alert,92.63.194.38,45942,138.68.3.71,60700,TCP,allowed,1.0,2402000.0,5047.0,ET DROP Dshield Block Listed Source group 1,Misc Attack,2.0,,,,,,0.0,(G3xw,,,,,,,,,,,,,,,,,,,,,,,Misc Attack,2.0
2019-01-02 05:28:17.110648,43514128,eth0,alert,92.63.194.38,45942,138.68.3.71,60700,TCP,allowed,1.0,2403486.0,46061.0,ET CINS Active Threat Intelligence Poor Reputation IP TCP group 94,Misc Attack,2.0,,,,,,0.0,@G3xw,,,,,,,,,,,,,,,,,,,,,,,Misc Attack,2.0
2019-01-02 05:30:01.124392,43515136,eth0,alert,5.101.40.81,33427,138.68.3.71,22,TCP,allowed,1.0,2403304.0,46061.0,ET CINS Active Threat Intelligence Poor Reputation IP TCP group 3,Misc Attack,2.0,,,,,,0.0,È¿/xw,,,,,,,,,,,,,,,,,,,,,,,Misc Attack,2.0
2019-01-02 05:30:01.650883,43515136,eth0,ssh,5.101.40.81,33427,138.68.3.71,22,TCP,,,,,,,,2.0,OpenSSH_7.3,2.0,OpenSSH_7.2p2 Ubuntu-4ubuntu2.6,,,,,,,,,,,,,,,,,,,,,,,,,,,
2019-01-02 05:30:07.560299,43515808,eth0,alert,176.119.4.50,51888,138.68.3.71,6075,TCP,allowed,1.0,2402000.0,5047.0,ET DROP Dshield Block Listed Source group 1,Misc Attack,2.0,,,,,,0.0,,,,,,,,,,,,,,,,,,,,,,,,Misc Attack,2.0
2019-01-02 05:34:01.996188,43520176,eth0,alert,176.119.4.22,50561,138.68.3.71,53389,TCP,allowed,1.0,2402000.0,5047.0,ET DROP Dshield Block Listed Source group 1,Misc Attack,2.0,,,,,,0.0,,,,,,,,,,,,,,,,,,,,,,,,Misc Attack,2.0
2019-01-02 05:34:13.540927,43520848,eth0,alert,176.119.4.29,57467,138.68.3.71,50127,TCP,allowed,1.0,2402000.0,5047.0,ET DROP Dshield Block Listed Source group 1,Misc Attack,2.0,,,,,,0.0,B+xw,,,,,,,,,,,,,,,,,,,,,,,Misc Attack,2.0
2019-01-02 05:34:42.131736,43521184,eth0,ssh,51.254.47.198,47210,138.68.3.71,22,TCP,,,,,,,,2.0,libssh2_1.7.0,2.0,OpenSSH_7.2p2 Ubuntu-4ubuntu2.6,,,,,,,,,,,,,,,,,,,,,,,,,,,
2019-01-02 05:34:57.366519,43521856,eth0,alert,109.248.9.13,56068,138.68.3.71,39164,TCP,allowed,1.0,2402000.0,5047.0,ET DROP Dshield Block Listed Source group 1,Misc Attack,2.0,,,,,,0.0,HU)xw,,,,,,,,,,,,,,,,,,,,,,,Misc Attack,2.0
2019-01-02 05:37:47.854589,43523200,eth0,alert,31.163.158.140,31870,138.68.3.71,23,TCP,allowed,1.0,2403334.0,46061.0,ET CINS Active Threat Intelligence Poor Reputation IP TCP group 18,Misc Attack,2.0,,,,,,0.0,,,,,,,,,,,,,,,,,,,,,,,,Misc Attack,2.0
2019-01-02 05:38:15.098451,43523872,eth0,alert,176.119.4.39,44786,138.68.3.71,9069,TCP,allowed,1.0,2402000.0,5047.0,ET DROP Dshield Block Listed Source group 1,Misc Attack,2.0,,,,,,0.0,,,,,,,,,,,,,,,,,,,,,,,,Misc Attack,2.0
2019-01-02 05:39:02.748303,43524880,eth0,alert,71.6.199.23,1143,138.68.3.71,5683,UDP,allowed,1.0,2403433.0,46061.0,ET CINS Active Threat Intelligence Poor Reputation IP UDP group 67,Misc Attack,2.0,,,,,QC4uCi4ud2VsbC1rbm93bi5jb3JlLi4=,0.0,"@..
..well-known.core..",,,,,,,,,,,,,,,,,,,,,,,Misc Attack,2.0
2019-01-02 05:39:38.201443,43525888,eth0,alert,194.28.115.243,45981,138.68.3.71,3350,TCP,allowed,1.0,2402000.0,5047.0,ET DROP Dshield Block Listed Source group 1,Misc Attack,2.0,,,,,,0.0,,,,,,,,,,,,,,,,,,,,,,,,Misc Attack,2.0
2019-01-02 05:39:44.059838,43526224,eth0,ssh,8.42.77.171,61518,138.68.3.71,22,TCP,,,,,,,,2.0,OpenSSH_7.7,2.0,OpenSSH_7.2p2 Ubuntu-4ubuntu2.6,,,,,,,,,,,,,,,,,,,,,,,,,,,
2019-01-02 05:43:18.253590,43527568,eth0,alert,185.244.25.167,43991,138.68.3.71,123,UDP,allowed,1.0,2402001.0,5047.0,ET DROP Dshield Block Listed Source group 1,Misc Attack,2.0,,,,,Li4uKi4uLi4u,0.0,...*.....,,,,,,,,,,,,,,,,,,,,,,,Misc Attack,2.0
2019-01-02 05:44:51.302613,43529584,eth0,alert,185.176.27.62,52788,138.68.3.71,29753,TCP,allowed,1.0,2402000.0,5047.0,ET DROP Dshield Block Listed Source group 1,Misc Attack,2.0,,,,,,0.0,,,,,,,,,,,,,,,,,,,,,,,,Misc Attack,2.0
2019-01-02 05:45:37.461302,43529920,eth0,alert,172.93.97.106,41093,138.68.3.71,1433,TCP,allowed,1.0,2010935.0,3.0,ET SCAN Suspicious inbound to MSSQL port 1433,Potentially Bad Traffic,2.0,,,,,,0.0,,,,,,,,,,,,,,,,,,,,,,,,Potentially Bad Traffic,2.0
2019-01-02 05:46:37.278123,43530256,eth0,alert,176.119.4.9,46754,138.68.3.71,14707,TCP,allowed,1.0,2402000.0,5047.0,ET DROP Dshield Block Listed Source group 1,Misc Attack,2.0,,,,,,0.0,,,,,,,,,,,,,,,,,,,,,,,,Misc Attack,2.0
2019-01-02 05:46:47.728279,43529248,eth0,alert,185.176.27.58,52248,138.68.3.71,38045,TCP,allowed,1.0,2402000.0,5047.0,ET DROP Dshield Block Listed Source group 1,Misc Attack,2.0,,,,,,0.0,,,,,,,,,,,,,,,,,,,,,,,,Misc Attack,2.0
2019-01-02 05:47:55.453745,43531600,eth0,alert,176.119.4.77,49887,138.68.3.71,6362,TCP,allowed,1.0,2402000.0,5047.0,ET DROP Dshield Block Listed Source group 1,Misc Attack,2.0,,,,,,0.0,X7%xw,,,,,,,,,,,,,,,,,,,,,,,Misc Attack,2.0
2019-01-02 05:50:19.281124,43532272,eth0,alert,37.49.231.72,5347,138.68.3.71,5060,UDP,allowed,1.0,2008578.0,6.0,ET SCAN Sipvicious Scan,Attempted Information Leak,2.0,,,,,T1BUSU9OUyBzaXA6MTAwQDEzOC42OC4zLjcxIFNJUC8yLjANClZpYTogU0lQLzIuMC9VRFAgMzcuNDkuMjMxLjcyOjUzNDc7YnJhbmNoPXo5aEc0YkstMjYyNTE4MjY3OTtycG9ydA0KQ29udGVudC1MZW5ndGg6IDANCkZyb206ICJzaXB2aWNpb3VzIjxzaXA6MTAwQDEuMS4xLjE+O3RhZz0zODYxMzQzNDMwMzMzNDM3MzEzMzYzMzQwMTMzMzYzMDMwMzYzODM0MzkzNw0KQWNjZXB0OiBhcHBsaWNhdGlvbi9zZHANClVzZXItQWdlbnQ6IGZyaWVuZGx5LXNjYW5uZXINClRvOiAic2lwdmljaW91cyI8c2lwOjEwMEAxLjEuMS4xPg0KQ29udGFjdDogc2lwOjEwMEAzNy40OS4yMzEuNzI6NTM0Nw0KQ1NlcTogMSBPUFRJT05TDQpDYWxsLUlEOiA1NDQzNTEyNDgzMDQzMzkyNTg0NTA4MTgNCk1heC1Gb3J3YXJkczogNzANCg0K,0.0,"OPTIONS sip:100@138.68.3.71 SIP/2.0
Via: SIP/2.0/UDP 37.49.231.72:5347;branch=z9hG4bK-2625182679;rport
Content-Length: 0
From: ""sipvicious""<sip:100@1.1.1.1>;tag=38613434303334373133633401333630303638343937
Accept: application/sdp
User-Agent: friendly-scanner
To: ""sipvicious""<sip:100@1.1.1.1>
Contact: sip:100@37.49.231.72:5347
CSeq: 1 OPTIONS
Call-ID: 544351248304339258450818
Max-Forwards: 70

",,,,,,,,,,,,,,,,,,,,,,,Attempted Information Leak,2.0
2019-01-02 05:50:19.281124,43532272,eth0,alert,37.49.231.72,5347,138.68.3.71,5060,UDP,allowed,1.0,2008578.0,6.0,ET SCAN Sipvicious Scan,Attempted Information Leak,2.0,,,,,T1BUSU9OUyBzaXA6MTAwQDEzOC42OC4zLjcxIFNJUC8yLjANClZpYTogU0lQLzIuMC9VRFAgMzcuNDkuMjMxLjcyOjUzNDc7YnJhbmNoPXo5aEc0YkstMjYyNTE4MjY3OTtycG9ydA0KQ29udGVudC1MZW5ndGg6IDANCkZyb206ICJzaXB2aWNpb3VzIjxzaXA6MTAwQDEuMS4xLjE+O3RhZz0zODYxMzQzNDMwMzMzNDM3MzEzMzYzMzQwMTMzMzYzMDMwMzYzODM0MzkzNw0KQWNjZXB0OiBhcHBsaWNhdGlvbi9zZHANClVzZXItQWdlbnQ6IGZyaWVuZGx5LXNjYW5uZXINClRvOiAic2lwdmljaW91cyI8c2lwOjEwMEAxLjEuMS4xPg0KQ29udGFjdDogc2lwOjEwMEAzNy40OS4yMzEuNzI6NTM0Nw0KQ1NlcTogMSBPUFRJT05TDQpDYWxsLUlEOiA1NDQzNTEyNDgzMDQzMzkyNTg0NTA4MTgNCk1heC1Gb3J3YXJkczogNzANCg0K,0.0,"OPTIONS sip:100@138.68.3.71 SIP/2.0
Via: SIP/2.0/UDP 37.49.231.72:5347;branch=z9hG4bK-2625182679;rport
Content-Length: 0
From: ""sipvicious""<sip:100@1.1.1.1>;tag=38613434303334373133633401333630303638343937
Accept: application/sdp
User-Agent: friendly-scanner
To: ""sipvicious""<sip:100@1.1.1.1>
Contact: sip:100@37.49.231.72:5347
CSeq: 1 OPTIONS
Call-ID: 544351248304339258450818
Max-Forwards: 70

",,,,,,,,,,,,,,,,,,,,,,,Attempted Information Leak,2.0
2019-01-02 05:50:19.281124,43532272,eth0,alert,37.49.231.72,5347,138.68.3.71,5060,UDP,allowed,1.0,2011716.0,4.0,ET SCAN Sipvicious User-Agent Detected (friendly-scanner),Attempted Information Leak,2.0,,,,,T1BUSU9OUyBzaXA6MTAwQDEzOC42OC4zLjcxIFNJUC8yLjANClZpYTogU0lQLzIuMC9VRFAgMzcuNDkuMjMxLjcyOjUzNDc7YnJhbmNoPXo5aEc0YkstMjYyNTE4MjY3OTtycG9ydA0KQ29udGVudC1MZW5ndGg6IDANCkZyb206ICJzaXB2aWNpb3VzIjxzaXA6MTAwQDEuMS4xLjE+O3RhZz0zODYxMzQzNDMwMzMzNDM3MzEzMzYzMzQwMTMzMzYzMDMwMzYzODM0MzkzNw0KQWNjZXB0OiBhcHBsaWNhdGlvbi9zZHANClVzZXItQWdlbnQ6IGZyaWVuZGx5LXNjYW5uZXINClRvOiAic2lwdmljaW91cyI8c2lwOjEwMEAxLjEuMS4xPg0KQ29udGFjdDogc2lwOjEwMEAzNy40OS4yMzEuNzI6NTM0Nw0KQ1NlcTogMSBPUFRJT05TDQpDYWxsLUlEOiA1NDQzNTEyNDgzMDQzMzkyNTg0NTA4MTgNCk1heC1Gb3J3YXJkczogNzANCg0K,0.0,"OPTIONS sip:100@138.68.3.71 SIP/2.0
Via: SIP/2.0/UDP 37.49.231.72:5347;branch=z9hG4bK-2625182679;rport
Content-Length: 0
From: ""sipvicious""<sip:100@1.1.1.1>;tag=38613434303334373133633401333630303638343937
Accept: application/sdp
User-Agent: friendly-scanner
To: ""sipvicious""<sip:100@1.1.1.1>
Contact: sip:100@37.49.231.72:5347
CSeq: 1 OPTIONS
Call-ID: 544351248304339258450818
Max-Forwards: 70

",,,,,,,,,,,,,,,,,,,,,,,Attempted Information Leak,2.0
2019-01-02 05:50:36.677055,43532944,eth0,alert,176.119.4.28,56747,138.68.3.71,8380,TCP,allowed,1.0,2402000.0,5047.0,ET DROP Dshield Block Listed Source group 1,Misc Attack,2.0,,,,,,0.0,,,,,,,,,,,,,,,,,,,,,,,,Misc Attack,2.0
2019-01-02 05:51:27.030239,43533952,eth0,alert,92.63.194.33,44662,138.68.3.71,60600,TCP,allowed,1.0,2402000.0,5047.0,ET DROP Dshield Block Listed Source group 1,Misc Attack,2.0,,,,,,0.0,,,,,,,,,,,,,,,,,,,,,,,,Misc Attack,2.0
2019-01-02 05:51:27.030239,43533952,eth0,alert,92.63.194.33,44662,138.68.3.71,60600,TCP,allowed,1.0,2402000.0,5047.0,ET DROP Dshield Block Listed Source group 1,Misc Attack,2.0,,,,,,0.0,,,,,,,,,,,,,,,,,,,,,,,,Misc Attack,2.0
2019-01-02 05:51:27.030239,43533952,eth0,alert,92.63.194.33,44662,138.68.3.71,60600,TCP,allowed,1.0,2403486.0,46061.0,ET CINS Active Threat Intelligence Poor Reputation IP TCP group 94,Misc Attack,2.0,,,,,,0.0,,,,,,,,,,,,,,,,,,,,,,,,Misc Attack,2.0
2019-01-02 05:54:11.757522,43535632,eth0,alert,80.82.77.33,29011,138.68.3.71,3542,TCP,allowed,1.0,2403452.0,46061.0,ET CINS Active Threat Intelligence Poor Reputation IP TCP group 77,Misc Attack,2.0,,,,,,0.0,Èxw,,,,,,,,,,,,,,,,,,,,,,,Misc Attack,2.0
2019-01-02 05:54:26.059281,43536640,eth0,alert,92.53.90.179,49534,138.68.3.71,5950,TCP,allowed,1.0,2402000.0,5047.0,ET DROP Dshield Block Listed Source group 1,Misc Attack,2.0,,,,,,0.0,,,,,,,,,,,,,,,,,,,,,,,,Misc Attack,2.0
2019-01-02 05:54:26.059281,43536640,eth0,alert,92.53.90.179,49534,138.68.3.71,5950,TCP,allowed,1.0,2402000.0,5047.0,ET DROP Dshield Block Listed Source group 1,Misc Attack,2.0,,,,,,0.0,,,,,,,,,,,,,,,,,,,,,,,,Misc Attack,2.0
2019-01-02 05:54:26.059281,43536640,eth0,alert,92.53.90.179,49534,138.68.3.71,5950,TCP,allowed,1.0,2403486.0,46061.0,ET CINS Active Threat Intelligence Poor Reputation IP TCP group 94,Misc Attack,2.0,,,,,,0.0,,,,,,,,,,,,,,,,,,,,,,,,Misc Attack,2.0
2019-01-02 05:55:29.332347,43537312,eth0,alert,176.119.4.35,40708,138.68.3.71,25701,TCP,allowed,1.0,2402000.0,5047.0,ET DROP Dshield Block Listed Source group 1,Misc Attack,2.0,,,,,,0.0,,,,,,,,,,,,,,,,,,,,,,,,Misc Attack,2.0
2019-01-02 05:55:35.958544,43537984,eth0,alert,92.63.194.18,43944,138.68.3.71,9488,TCP,allowed,1.0,2402000.0,5047.0,ET DROP Dshield Block Listed Source group 1,Misc Attack,2.0,,,,,,0.0,,,,,,,,,,,,,,,,,,,,,,,,Misc Attack,2.0
2019-01-02 05:55:35.958544,43537984,eth0,alert,92.63.194.18,43944,138.68.3.71,9488,TCP,allowed,1.0,2402000.0,5047.0,ET DROP Dshield Block Listed Source group 1,Misc Attack,2.0,,,,,,0.0,,,,,,,,,,,,,,,,,,,,,,,,Misc Attack,2.0
2019-01-02 05:55:35.958544,43537984,eth0,alert,92.63.194.18,43944,138.68.3.71,9488,TCP,allowed,1.0,2403486.0,46061.0,ET CINS Active Threat Intelligence Poor Reputation IP TCP group 94,Misc Attack,2.0,,,,,,0.0,,,,,,,,,,,,,,,,,,,,,,,,Misc Attack,2.0
2019-01-02 05:58:58.949157,43539664,eth0,alert,185.176.27.2,47170,138.68.3.71,21443,TCP,allowed,1.0,2402000.0,5047.0,ET DROP Dshield Block Listed Source group 1,Misc Attack,2.0,,,,,,0.0,,,,,,,,,,,,,,,,,,,,,,,,Misc Attack,2.0
2019-01-02 06:00:03.015087,43540672,eth0,alert,183.62.210.228,50932,138.68.3.71,1433,TCP,allowed,1.0,2010935.0,3.0,ET SCAN Suspicious inbound to MSSQL port 1433,Potentially Bad Traffic,2.0,,,,,,0.0,,,,,,,,,,,,,,,,,,,,,,,,Potentially Bad Traffic,2.0
2019-01-02 06:00:44.732569,43542352,eth0,alert,71.6.232.4,37916,138.68.3.71,80,TCP,allowed,1.0,2403432.0,46061.0,ET CINS Active Threat Intelligence Poor Reputation IP TCP group 67,Misc Attack,2.0,,,,,,0.0,,,,,,,,,,,,,,,,,,,,,,,,Misc Attack,2.0
2019-01-02 06:06:09.834594,43544368,eth0,alert,194.28.115.245,42381,138.68.3.71,10086,TCP,allowed,1.0,2402000.0,5047.0,ET DROP Dshield Block Listed Source group 1,Misc Attack,2.0,,,,,,0.0,,,,,,,,,,,,,,,,,,,,,,,,Misc Attack,2.0
2019-01-02 06:06:55.099465,43545376,eth0,alert,176.119.4.73,47041,138.68.3.71,22683,TCP,allowed,1.0,2402000.0,5047.0,ET DROP Dshield Block Listed Source group 1,Misc Attack,2.0,,,,,,0.0,,,,,,,,,,,,,,,,,,,,,,,,Misc Attack,2.0
2019-01-02 06:09:55.577727,43548064,eth0,alert,185.211.245.168,43684,138.68.3.71,10015,TCP,allowed,1.0,2402000.0,5047.0,ET DROP Dshield Block Listed Source group 1,Misc Attack,2.0,,,,,,0.0,X@xw,,,,,,,,,,,,,,,,,,,,,,,Misc Attack,2.0
2019-01-02 06:11:00.727083,43549744,eth0,alert,107.175.128.157,48942,138.68.3.71,1433,TCP,allowed,1.0,2010935.0,3.0,ET SCAN Suspicious inbound to MSSQL port 1433,Potentially Bad Traffic,2.0,,,,,,0.0,)xw,,,,,,,,,,,,,,,,,,,,,,,Potentially Bad Traffic,2.0
2019-01-02 06:11:36.665345,43551760,eth0,alert,185.253.157.100,32767,138.68.3.71,8545,TCP,allowed,1.0,2402000.0,5047.0,ET DROP Dshield Block Listed Source group 1,Misc Attack,2.0,,,,,,0.0,hxw,,,,,,,,,,,,,,,,,,,,,,,Misc Attack,2.0
2019-01-02 06:12:02.466580,43552768,eth0,alert,176.119.4.37,43708,138.68.3.71,13975,TCP,allowed,1.0,2402000.0,5047.0,ET DROP Dshield Block Listed Source group 1,Misc Attack,2.0,,,,,,0.0,,,,,,,,,,,,,,,,,,,,,,,,Misc Attack,2.0
2019-01-02 06:13:12.077462,43554448,eth0,alert,122.60.171.48,54447,138.68.3.71,1433,TCP,allowed,1.0,2010935.0,3.0,ET SCAN Suspicious inbound to MSSQL port 1433,Potentially Bad Traffic,2.0,,,,,,0.0,(xw,,,,,,,,,,,,,,,,,,,,,,,Potentially Bad Traffic,2.0
2019-01-02 06:14:23.467916,43553104,eth0,alert,187.188.85.53,42021,138.68.3.71,1433,TCP,allowed,1.0,2010935.0,3.0,ET SCAN Suspicious inbound to MSSQL port 1433,Potentially Bad Traffic,2.0,,,,,,0.0,,,,,,,,,,,,,,,,,,,,,,,,Potentially Bad Traffic,2.0
2019-01-02 06:15:30.114338,43555792,eth0,alert,89.248.167.131,19986,138.68.3.71,5008,UDP,allowed,1.0,2403477.0,46061.0,ET CINS Active Threat Intelligence Poor Reputation IP UDP group 89,Misc Attack,2.0,,,,,LkBQLi4uLi5dLi4oLi4uLi4ufC5ALi4uLjkuQjdlLi4uLi4uLi4uLi4uLi4uLi4uLi4uLi4uLi4uLi4uLi4uLg==,0.0,.@P.....]..(......|.@....9.B7e..................................,,,,,,,,,,,,,,,,,,,,,,,Misc Attack,2.0
2019-01-02 06:17:09.641797,43557136,eth0,alert,109.248.9.14,58348,138.68.3.71,12879,TCP,allowed,1.0,2402000.0,5047.0,ET DROP Dshield Block Listed Source group 1,Misc Attack,2.0,,,,,,0.0,,,,,,,,,,,,,,,,,,,,,,,,Misc Attack,2.0
2019-01-02 06:17:43.529393,43557472,eth0,alert,176.119.4.18,49900,138.68.3.71,6924,TCP,allowed,1.0,2402000.0,5047.0,ET DROP Dshield Block Listed Source group 1,Misc Attack,2.0,,,,,,0.0,,,,,,,,,,,,,,,,,,,,,,,,Misc Attack,2.0
2019-01-02 06:18:13.542423,43558816,eth0,alert,92.53.90.212,49603,138.68.3.71,5986,TCP,allowed,1.0,2402000.0,5047.0,ET DROP Dshield Block Listed Source group 1,Misc Attack,2.0,,,,,,0.0,,,,,,,,,,,,,,,,,,,,,,,,Misc Attack,2.0
2019-01-02 06:18:13.542423,43558816,eth0,alert,92.53.90.212,49603,138.68.3.71,5986,TCP,allowed,1.0,2402000.0,5047.0,ET DROP Dshield Block Listed Source group 1,Misc Attack,2.0,,,,,,0.0,,,,,,,,,,,,,,,,,,,,,,,,Misc Attack,2.0
2019-01-02 06:18:13.542423,43558816,eth0,alert,92.53.90.212,49603,138.68.3.71,5986,TCP,allowed,1.0,2403486.0,46061.0,ET CINS Active Threat Intelligence Poor Reputation IP TCP group 94,Misc Attack,2.0,,,,,,0.0,,,,,,,,,,,,,,,,,,,,,,,,Misc Attack,2.0
2019-01-02 06:18:29.290728,43559152,eth0,alert,185.176.27.14,48329,138.68.3.71,21362,TCP,allowed,1.0,2402000.0,5047.0,ET DROP Dshield Block Listed Source group 1,Misc Attack,2.0,,,,,,0.0,,,,,,,,,,,,,,,,,,,,,,,,Misc Attack,2.0
2019-01-02 06:18:47.900045,43559824,eth0,alert,185.253.157.102,46586,138.68.3.71,8545,TCP,allowed,1.0,2402000.0,5047.0,ET DROP Dshield Block Listed Source group 1,Misc Attack,2.0,,,,,,0.0,,,,,,,,,,,,,,,,,,,,,,,,Misc Attack,2.0
2019-01-02 06:19:47.633552,43560832,eth0,alert,185.53.91.55,5152,138.68.3.71,5060,UDP,allowed,1.0,2008578.0,6.0,ET SCAN Sipvicious Scan,Attempted Information Leak,2.0,,,,,T1BUSU9OUyBzaXA6MTAwQDEzOC42OC4zLjcxIFNJUC8yLjANClZpYTogU0lQLzIuMC9VRFAgMTg1LjUzLjkxLjU1OjUxNTI7YnJhbmNoPXo5aEc0YkstMjE2NDgyOTczMjtycG9ydA0KQ29udGVudC1MZW5ndGg6IDANCkZyb206ICJzaXB2aWNpb3VzIjxzaXA6MTAwQDEuMS4xLjE+O3RhZz0zODYxMzQzNDMwMzMzNDM3MzEzMzYzMzQwMTMyMzEzODM2MzIzMTM4MzYzNjM5DQpBY2NlcHQ6IGFwcGxpY2F0aW9uL3NkcA0KVXNlci1BZ2VudDogZnJpZW5kbHktc2Nhbm5lcg0KVG86ICJzaXB2aWNpb3VzIjxzaXA6MTAwQDEuMS4xLjE+DQpDb250YWN0OiBzaXA6MTAwQDE4NS41My45MS41NTo1MTUyDQpDU2VxOiAxIE9QVElPTlMNCkNhbGwtSUQ6IDEwMzIyMDczMDgxMDgwNDUxNjA3ODQ0MzgNCk1heC1Gb3J3YXJkczogNzANCg0K,0.0,"OPTIONS sip:100@138.68.3.71 SIP/2.0
Via: SIP/2.0/UDP 185.53.91.55:5152;branch=z9hG4bK-2164829732;rport
Content-Length: 0
From: ""sipvicious""<sip:100@1.1.1.1>;tag=3861343430333437313363340132313836323138363639
Accept: application/sdp
User-Agent: friendly-scanner
To: ""sipvicious""<sip:100@1.1.1.1>
Contact: sip:100@185.53.91.55:5152
CSeq: 1 OPTIONS
Call-ID: 1032207308108045160784438
Max-Forwards: 70

",,,,,,,,,,,,,,,,,,,,,,,Attempted Information Leak,2.0
2019-01-02 06:19:47.633552,43560832,eth0,alert,185.53.91.55,5152,138.68.3.71,5060,UDP,allowed,1.0,2008578.0,6.0,ET SCAN Sipvicious Scan,Attempted Information Leak,2.0,,,,,T1BUSU9OUyBzaXA6MTAwQDEzOC42OC4zLjcxIFNJUC8yLjANClZpYTogU0lQLzIuMC9VRFAgMTg1LjUzLjkxLjU1OjUxNTI7YnJhbmNoPXo5aEc0YkstMjE2NDgyOTczMjtycG9ydA0KQ29udGVudC1MZW5ndGg6IDANCkZyb206ICJzaXB2aWNpb3VzIjxzaXA6MTAwQDEuMS4xLjE+O3RhZz0zODYxMzQzNDMwMzMzNDM3MzEzMzYzMzQwMTMyMzEzODM2MzIzMTM4MzYzNjM5DQpBY2NlcHQ6IGFwcGxpY2F0aW9uL3NkcA0KVXNlci1BZ2VudDogZnJpZW5kbHktc2Nhbm5lcg0KVG86ICJzaXB2aWNpb3VzIjxzaXA6MTAwQDEuMS4xLjE+DQpDb250YWN0OiBzaXA6MTAwQDE4NS41My45MS41NTo1MTUyDQpDU2VxOiAxIE9QVElPTlMNCkNhbGwtSUQ6IDEwMzIyMDczMDgxMDgwNDUxNjA3ODQ0MzgNCk1heC1Gb3J3YXJkczogNzANCg0K,0.0,"OPTIONS sip:100@138.68.3.71 SIP/2.0
Via: SIP/2.0/UDP 185.53.91.55:5152;branch=z9hG4bK-2164829732;rport
Content-Length: 0
From: ""sipvicious""<sip:100@1.1.1.1>;tag=3861343430333437313363340132313836323138363639
Accept: application/sdp
User-Agent: friendly-scanner
To: ""sipvicious""<sip:100@1.1.1.1>
Contact: sip:100@185.53.91.55:5152
CSeq: 1 OPTIONS
Call-ID: 1032207308108045160784438
Max-Forwards: 70

",,,,,,,,,,,,,,,,,,,,,,,Attempted Information Leak,2.0
2019-01-02 06:19:47.633552,43560832,eth0,alert,185.53.91.55,5152,138.68.3.71,5060,UDP,allowed,1.0,2011716.0,4.0,ET SCAN Sipvicious User-Agent Detected (friendly-scanner),Attempted Information Leak,2.0,,,,,T1BUSU9OUyBzaXA6MTAwQDEzOC42OC4zLjcxIFNJUC8yLjANClZpYTogU0lQLzIuMC9VRFAgMTg1LjUzLjkxLjU1OjUxNTI7YnJhbmNoPXo5aEc0YkstMjE2NDgyOTczMjtycG9ydA0KQ29udGVudC1MZW5ndGg6IDANCkZyb206ICJzaXB2aWNpb3VzIjxzaXA6MTAwQDEuMS4xLjE+O3RhZz0zODYxMzQzNDMwMzMzNDM3MzEzMzYzMzQwMTMyMzEzODM2MzIzMTM4MzYzNjM5DQpBY2NlcHQ6IGFwcGxpY2F0aW9uL3NkcA0KVXNlci1BZ2VudDogZnJpZW5kbHktc2Nhbm5lcg0KVG86ICJzaXB2aWNpb3VzIjxzaXA6MTAwQDEuMS4xLjE+DQpDb250YWN0OiBzaXA6MTAwQDE4NS41My45MS41NTo1MTUyDQpDU2VxOiAxIE9QVElPTlMNCkNhbGwtSUQ6IDEwMzIyMDczMDgxMDgwNDUxNjA3ODQ0MzgNCk1heC1Gb3J3YXJkczogNzANCg0K,0.0,"OPTIONS sip:100@138.68.3.71 SIP/2.0
Via: SIP/2.0/UDP 185.53.91.55:5152;branch=z9hG4bK-2164829732;rport
Content-Length: 0
From: ""sipvicious""<sip:100@1.1.1.1>;tag=3861343430333437313363340132313836323138363639
Accept: application/sdp
User-Agent: friendly-scanner
To: ""sipvicious""<sip:100@1.1.1.1>
Contact: sip:100@185.53.91.55:5152
CSeq: 1 OPTIONS
Call-ID: 1032207308108045160784438
Max-Forwards: 70

",,,,,,,,,,,,,,,,,,,,,,,Attempted Information Leak,2.0
2019-01-02 06:20:16.976528,43561168,eth0,alert,58.48.32.199,65065,138.68.3.71,23,TCP,allowed,1.0,2403388.0,46061.0,ET CINS Active Threat Intelligence Poor Reputation IP TCP group 45,Misc Attack,2.0,,,,,,0.0,,,,,,,,,,,,,,,,,,,,,,,,Misc Attack,2.0
2019-01-02 06:20:27.738510,43561504,eth0,alert,88.202.190.157,3268,138.68.3.71,3268,TCP,allowed,1.0,2403470.0,46061.0,ET CINS Active Threat Intelligence Poor Reputation IP TCP group 86,Misc Attack,2.0,,,,,,0.0,,,,,,,,,,,,,,,,,,,,,,,,Misc Attack,2.0
2019-01-02 06:20:41.185429,43562512,eth0,alert,185.176.27.30,50489,138.68.3.71,17663,TCP,allowed,1.0,2402000.0,5047.0,ET DROP Dshield Block Listed Source group 1,Misc Attack,2.0,,,,,,0.0,,,,,,,,,,,,,,,,,,,,,,,,Misc Attack,2.0
2019-01-02 06:21:16.505883,43563856,eth0,alert,123.161.205.21,5326,138.68.3.71,1433,TCP,allowed,1.0,2010935.0,3.0,ET SCAN Suspicious inbound to MSSQL port 1433,Potentially Bad Traffic,2.0,,,,,,0.0,,,,,,,,,,,,,,,,,,,,,,,,Potentially Bad Traffic,2.0
2019-01-02 06:22:06.063134,43564528,eth0,alert,185.176.27.50,52848,138.68.3.71,63773,TCP,allowed,1.0,2402000.0,5047.0,ET DROP Dshield Block Listed Source group 1,Misc Attack,2.0,,,,,,0.0,,,,,,,,,,,,,,,,,,,,,,,,Misc Attack,2.0
2019-01-02 06:22:44.010152,43565536,eth0,alert,185.176.27.26,49290,138.68.3.71,50372,TCP,allowed,1.0,2402000.0,5047.0,ET DROP Dshield Block Listed Source group 1,Misc Attack,2.0,,,,,,0.0,,,,,,,,,,,,,,,,,,,,,,,,Misc Attack,2.0
2019-01-02 06:23:43.721288,43566880,eth0,alert,119.180.27.2,40520,138.68.3.71,1433,TCP,allowed,1.0,2010935.0,3.0,ET SCAN Suspicious inbound to MSSQL port 1433,Potentially Bad Traffic,2.0,,,,,,0.0,,,,,,,,,,,,,,,,,,,,,,,,Potentially Bad Traffic,2.0
2019-01-02 06:23:44.558858,43567216,eth0,alert,92.53.76.213,60000,138.68.3.71,3389,TCP,allowed,1.0,2403484.0,46061.0,ET CINS Active Threat Intelligence Poor Reputation IP TCP group 93,Misc Attack,2.0,,,,,,0.0,,,,,,,,,,,,,,,,,,,,,,,,Misc Attack,2.0
2019-01-02 06:25:43.855896,43568560,eth0,alert,80.211.172.233,44266,138.68.3.71,81,TCP,allowed,1.0,2403450.0,46061.0,ET CINS Active Threat Intelligence Poor Reputation IP TCP group 76,Misc Attack,2.0,,,,,,0.0,,,,,,,,,,,,,,,,,,,,,,,,Misc Attack,2.0
2019-01-02 06:28:21.747346,43568896,eth0,alert,119.57.173.243,57975,138.68.3.71,1433,TCP,allowed,1.0,2010935.0,3.0,ET SCAN Suspicious inbound to MSSQL port 1433,Potentially Bad Traffic,2.0,,,,,,0.0,,,,,,,,,,,,,,,,,,,,,,,,Potentially Bad Traffic,2.0
2019-01-02 06:28:34.317615,43571920,eth0,alert,185.176.27.246,49486,138.68.3.71,29251,TCP,allowed,1.0,2402000.0,5047.0,ET DROP Dshield Block Listed Source group 1,Misc Attack,2.0,,,,,,0.0,,,,,,,,,,,,,,,,,,,,,,,,Misc Attack,2.0
2019-01-02 06:31:43.059540,43574944,eth0,alert,61.219.11.151,62950,138.68.3.71,21,TCP,allowed,1.0,2403412.0,46061.0,ET CINS Active Threat Intelligence Poor Reputation IP TCP group 57,Misc Attack,2.0,,,,,,0.0,,,,,,,,,,,,,,,,,,,,,,,,Misc Attack,2.0
2019-01-02 06:32:42.849494,43577296,eth0,alert,185.255.31.78,59207,138.68.3.71,13386,TCP,allowed,1.0,2402000.0,5047.0,ET DROP Dshield Block Listed Source group 1,Misc Attack,2.0,,,,,,0.0,,,,,,,,,,,,,,,,,,,,,,,,Misc Attack,2.0
2019-01-02 06:33:52.810709,43578304,eth0,alert,213.14.156.109,52559,138.68.3.71,1433,TCP,allowed,1.0,2010935.0,3.0,ET SCAN Suspicious inbound to MSSQL port 1433,Potentially Bad Traffic,2.0,,,,,,0.0,,,,,,,,,,,,,,,,,,,,,,,,Potentially Bad Traffic,2.0
2019-01-02 06:34:08.846117,43578640,eth0,alert,112.140.186.244,47170,138.68.3.71,1433,TCP,allowed,1.0,2010935.0,3.0,ET SCAN Suspicious inbound to MSSQL port 1433,Potentially Bad Traffic,2.0,,,,,,0.0,,,,,,,,,,,,,,,,,,,,,,,,Potentially Bad Traffic,2.0
2019-01-02 06:34:40.733890,43576624,eth0,alert,221.229.166.37,6000,138.68.3.71,1433,TCP,allowed,1.0,2010935.0,3.0,ET SCAN Suspicious inbound to MSSQL port 1433,Potentially Bad Traffic,2.0,,,,,,0.0,,,,,,,,,,,,,,,,,,,,,,,,Potentially Bad Traffic,2.0
2019-01-02 06:35:28.117433,43580320,eth0,alert,37.49.228.121,49956,138.68.3.71,80,TCP,allowed,1.0,2403346.0,46061.0,ET CINS Active Threat Intelligence Poor Reputation IP TCP group 24,Misc Attack,2.0,,,,,,0.0,,,,,,,,,,,,,,,,,,,,,,,,Misc Attack,2.0
2019-01-02 06:39:50.347400,43582000,eth0,alert,5.141.67.237,2097,138.68.3.71,23,TCP,allowed,1.0,2403306.0,46061.0,ET CINS Active Threat Intelligence Poor Reputation IP TCP group 4,Misc Attack,2.0,,,,,,0.0,,,,,,,,,,,,,,,,,,,,,,,,Misc Attack,2.0
2019-01-02 06:41:41.172074,43584016,eth0,alert,176.119.4.26,54347,138.68.3.71,27844,TCP,allowed,1.0,2402000.0,5047.0,ET DROP Dshield Block Listed Source group 1,Misc Attack,2.0,,,,,,0.0,hDxw,,,,,,,,,,,,,,,,,,,,,,,Misc Attack,2.0
2019-01-02 06:42:23.457116,43585360,eth0,alert,194.28.115.243,45981,138.68.3.71,33923,TCP,allowed,1.0,2402000.0,5047.0,ET DROP Dshield Block Listed Source group 1,Misc Attack,2.0,,,,,,0.0,wxw,,,,,,,,,,,,,,,,,,,,,,,Misc Attack,2.0
2019-01-02 06:42:41.963761,43585696,eth0,alert,92.63.194.43,47414,138.68.3.71,24419,TCP,allowed,1.0,2402000.0,5047.0,ET DROP Dshield Block Listed Source group 1,Misc Attack,2.0,,,,,,0.0,,,,,,,,,,,,,,,,,,,,,,,,Misc Attack,2.0
2019-01-02 06:42:41.963761,43585696,eth0,alert,92.63.194.43,47414,138.68.3.71,24419,TCP,allowed,1.0,2402000.0,5047.0,ET DROP Dshield Block Listed Source group 1,Misc Attack,2.0,,,,,,0.0,,,,,,,,,,,,,,,,,,,,,,,,Misc Attack,2.0
2019-01-02 06:42:41.963761,43585696,eth0,alert,92.63.194.43,47414,138.68.3.71,24419,TCP,allowed,1.0,2403486.0,46061.0,ET CINS Active Threat Intelligence Poor Reputation IP TCP group 94,Misc Attack,2.0,,,,,,0.0,,,,,,,,,,,,,,,,,,,,,,,,Misc Attack,2.0
2019-01-02 06:42:52.653129,43586032,eth0,dns,138.68.3.71,44850,67.207.67.2,53,UDP,,,,,,,,,,,,,,,query,23270.0,_http._tcp.mirrors.digitalocean.com,SRV,0.0,,,,,,,,,,,,,,,,,,,
2019-01-02 06:42:52.653129,43586032,eth0,dns,138.68.3.71,44850,67.207.67.2,53,UDP,,,,,,,,,,,,,,,answer,23270.0,,,,,,,,,,,,,,,,,,,,,,
2019-01-02 06:42:52.653129,43586032,eth0,dns,138.68.3.71,44850,67.207.67.2,53,UDP,,,,,,,,,,,,,,,answer,23270.0,digitalocean.com,SOA,,181.0,,,,,,,,,,,,,,,,,,
2019-01-02 06:42:52.654396,43586368,eth0,dns,138.68.3.71,46110,67.207.67.2,53,UDP,,,,,,,,,,,,,,,query,15025.0,mirrors.digitalocean.com,A,0.0,,,,,,,,,,,,,,,,,,,
2019-01-02 06:42:52.654396,43586368,eth0,dns,138.68.3.71,46110,67.207.67.2,53,UDP,,,,,,,,,,,,,,,answer,15025.0,mirrors.digitalocean.com,A,,111.0,198.199.99.226,,,,,,,,,,,,,,,,,
2019-01-02 06:42:52.654396,43586368,eth0,dns,138.68.3.71,46110,67.207.67.2,53,UDP,,,,,,,,,,,,,,,answer,15025.0,mirrors.digitalocean.com,A,,111.0,103.253.144.50,,,,,,,,,,,,,,,,,
2019-01-02 06:42:52.654396,43586368,eth0,dns,138.68.3.71,46110,67.207.67.2,53,UDP,,,,,,,,,,,,,,,answer,15025.0,mirrors.digitalocean.com,A,,111.0,192.241.164.26,,,,,,,,,,,,,,,,,
2019-01-02 06:42:52.654396,43586368,eth0,dns,138.68.3.71,46110,67.207.67.2,53,UDP,,,,,,,,,,,,,,,answer,15025.0,mirrors.digitalocean.com,A,,111.0,95.85.0.50,,,,,,,,,,,,,,,,,
2019-01-02 06:42:52.654396,43586368,eth0,dns,138.68.3.71,46110,67.207.67.2,53,UDP,,,,,,,,,,,,,,,answer,15025.0,mirrors.digitalocean.com,A,,111.0,5.101.111.50,,,,,,,,,,,,,,,,,
2019-01-02 06:42:52.654396,43586368,eth0,dns,138.68.3.71,46110,67.207.67.2,53,UDP,,,,,,,,,,,,,,,query,43649.0,mirrors.digitalocean.com,AAAA,1.0,,,,,,,,,,,,,,,,,,,
2019-01-02 06:42:52.654396,43586368,eth0,dns,138.68.3.71,46110,67.207.67.2,53,UDP,,,,,,,,,,,,,,,answer,43649.0,mirrors.digitalocean.com,AAAA,,83.0,2a03:b0c0:0000:0001:0000:0000:0000:0004,,,,,,,,,,,,,,,,,
2019-01-02 06:42:52.654396,43586368,eth0,dns,138.68.3.71,46110,67.207.67.2,53,UDP,,,,,,,,,,,,,,,answer,43649.0,mirrors.digitalocean.com,AAAA,,83.0,2604:a880:0000:0001:0000:0000:0000:0004,,,,,,,,,,,,,,,,,
2019-01-02 06:42:52.654396,43586368,eth0,dns,138.68.3.71,46110,67.207.67.2,53,UDP,,,,,,,,,,,,,,,answer,43649.0,mirrors.digitalocean.com,AAAA,,83.0,2400:6180:0000:0001:0000:0000:0000:0010,,,,,,,,,,,,,,,,,
2019-01-02 06:42:52.654396,43586368,eth0,dns,138.68.3.71,46110,67.207.67.2,53,UDP,,,,,,,,,,,,,,,answer,43649.0,mirrors.digitalocean.com,AAAA,,83.0,2a03:b0c0:0001:0001:0000:0000:0000:0004,,,,,,,,,,,,,,,,,
2019-01-02 06:42:52.654396,43586368,eth0,dns,138.68.3.71,46110,67.207.67.2,53,UDP,,,,,,,,,,,,,,,answer,43649.0,mirrors.digitalocean.com,AAAA,,83.0,2604:a880:0001:0001:0000:0000:0000:0004,,,,,,,,,,,,,,,,,
2019-01-02 06:42:52.658017,43586704,eth0,alert,138.68.3.71,41694,198.199.99.226,80,TCP,allowed,1.0,2013504.0,3.0,ET POLICY GNU/Linux APT User-Agent Outbound likely related to package management,Not Suspicious Traffic,3.0,,,,,0LXXcHd/AAAAEAAAmQAAAEdFVCAvdWJ1bnR1L3Bvb2wvbWFpbi90L3R6ZGF0YS90emRhdGFfMjAxOGktMHVidW50dTAuMTYuMDRfYWxsLmRlYiBIVFRQLzEuMQ0KSG9zdDogbWlycm9ycy5kaWdpdGFsb2NlYW4uY29tDQpVc2VyLUFnZW50OiBEZWJpYW4gQVBULUhUVFAv,1.0,"GET /ubuntu/pool/main/t/tzdata/tzdata_2018i-0ubuntu0.16.04_all.deb HTTP/1.1
Host: mirrors.digitalocean.com
User-Agent: Debian APT-HTTP/1.3 (1.2.29)

",,,,,,,,0.0,mirrors.digitalocean.com,/ubuntu/pool/main/t/tzdata/tzdata_2018i-0ubuntu0.16.04_all.deb,Debian APT-HTTP/1.3 (1.2.29),application/octet-stream,GET,HTTP/1.1,200,1197.0,,,,,,,Not Suspicious Traffic,3.0
2019-01-02 06:42:52.664089,43586704,eth0,fileinfo,198.199.99.226,80,138.68.3.71,41694,TCP,,,,,,,,,,,,,,,,,,,,,,,mirrors.digitalocean.com,/ubuntu/pool/main/t/tzdata/tzdata_2018i-0ubuntu0.16.04_all.deb,Debian APT-HTTP/1.3 (1.2.29),,,,,,/ubuntu/pool/main/t/tzdata/tzdata_2018i-0ubuntu0.16.04_all.deb,TRUNCATED,False,1197.0,0.0,,,
2019-01-02 06:43:42.984225,43587040,eth0,alert,205.209.158.36,58150,138.68.3.71,1433,TCP,allowed,1.0,2010935.0,3.0,ET SCAN Suspicious inbound to MSSQL port 1433,Potentially Bad Traffic,2.0,,,,,,0.0,Øxw,,,,,,,,,,,,,,,,,,,,,,,Potentially Bad Traffic,2.0
2019-01-02 06:44:31.731296,43588048,eth0,alert,198.108.67.90,28769,138.68.3.71,9026,TCP,allowed,1.0,2402000.0,5047.0,ET DROP Dshield Block Listed Source group 1,Misc Attack,2.0,,,,,,0.0,,,,,,,,,,,,,,,,,,,,,,,,Misc Attack,2.0
2019-01-02 06:44:53.005858,43586704,,http,138.68.3.71,41694,198.199.99.226,80,TCP,,,,,,,,,,,,,,,,,,,,,,,mirrors.digitalocean.com,/ubuntu/pool/main/t/tzdata/tzdata_2018i-0ubuntu0.16.04_all.deb,Debian APT-HTTP/1.3 (1.2.29),application/octet-stream,GET,HTTP/1.1,200,1197.0,,,,,,0.0,,
2019-01-02 06:45:16.144220,43588720,eth0,alert,185.176.27.6,49692,138.68.3.71,6473,TCP,allowed,1.0,2402000.0,5047.0,ET DROP Dshield Block Listed Source group 1,Misc Attack,2.0,,,,,,0.0,,,,,,,,,,,,,,,,,,,,,,,,Misc Attack,2.0
2019-01-02 06:47:53.144172,43589392,eth0,alert,116.112.214.134,57817,138.68.3.71,1433,TCP,allowed,1.0,2010935.0,3.0,ET SCAN Suspicious inbound to MSSQL port 1433,Potentially Bad Traffic,2.0,,,,,,0.0,Hxw,,,,,,,,,,,,,,,,,,,,,,,Potentially Bad Traffic,2.0
2019-01-02 06:49:00.600220,43591408,eth0,alert,185.244.25.216,64897,138.68.3.71,23,TCP,allowed,1.0,2402000.0,5047.0,ET DROP Dshield Block Listed Source group 1,Misc Attack,2.0,,,,,,0.0,,,,,,,,,,,,,,,,,,,,,,,,Misc Attack,2.0
2019-01-02 06:49:40.826534,43592416,eth0,alert,185.176.27.62,52788,138.68.3.71,29754,TCP,allowed,1.0,2402000.0,5047.0,ET DROP Dshield Block Listed Source group 1,Misc Attack,2.0,,,,,,0.0,Kxw,,,,,,,,,,,,,,,,,,,,,,,Misc Attack,2.0
2019-01-02 06:50:03.088003,43593424,eth0,alert,1.169.38.217,37667,138.68.3.71,8181,TCP,allowed,1.0,2403300.0,46061.0,ET CINS Active Threat Intelligence Poor Reputation IP TCP group 1,Misc Attack,2.0,,,,,,0.0,,,,,,,,,,,,,,,,,,,,,,,,Misc Attack,2.0
2019-01-02 06:50:05.309314,43593760,eth0,alert,46.100.43.82,41261,138.68.3.71,445,TCP,allowed,1.0,2403370.0,46061.0,ET CINS Active Threat Intelligence Poor Reputation IP TCP group 36,Misc Attack,2.0,,,,,,0.0,,,,,,,,,,,,,,,,,,,,,,,,Misc Attack,2.0
2019-01-02 06:52:19.179354,43597120,eth0,ssh,8.42.77.171,62161,138.68.3.71,22,TCP,,,,,,,,2.0,OpenSSH_7.7,2.0,OpenSSH_7.2p2 Ubuntu-4ubuntu2.6,,,,,,,,,,,,,,,,,,,,,,,,,,,
